Time Stamp,Count
21.0,1
21.2,1
21.4,1
21.6,1
21.8,1
22.0,1
22.2,1
22.4,1
22.6,1
22.8,1
23.0,1
23.2,1
23.4,1
23.6,1
23.8,1
24.0,1
24.2,1
24.4,1
24.6,1
24.8,1
25.0,1
25.2,1
25.4,1
25.6,1
25.8,1
26.0,1
26.2,1
26.4,1
26.6,1
26.8,1
27.0,1
27.2,1
27.4,1
27.6,1
27.8,1
28.0,1
28.2,1
28.4,1
28.6,1
28.8,1
29.0,1
29.2,1
29.4,1
29.6,1
29.8,1
30.0,1
30.2,1
30.4,1
30.6,1
30.8,1
31.0,1
31.2,1
31.4,1
31.6,1
31.8,1
32.0,1
32.2,1
32.4,1
32.6,1
32.8,1
33.0,1
33.2,1
33.4,1
33.6,1
33.8,1
34.0,1
34.2,1
34.4,1
34.6,1
34.8,1
35.0,1
35.2,1
35.4,1
35.6,1
35.8,1
36.0,1
36.2,1
36.4,1
36.6,1
36.8,1
37.0,1
37.2,1
37.4,1
37.6,1
37.8,1
38.0,1
38.2,1
38.4,1
38.6,1
38.8,1
39.0,1
39.2,1
39.4,1
39.6,1
39.8,1
40.0,1
40.2,1
40.4,1
40.6,1
40.8,1
41.0,1
41.2,1
41.4,1
41.6,1
41.8,1
42.0,1
42.2,1
42.4,1
42.6,1
42.8,1
43.0,1
43.2,2
43.4,2
43.6,2
43.8,2
44.0,2
44.2,2
44.4,2
44.6,2
44.8,2
45.0,2
45.2,2
45.4,2
45.6,2
45.8,2
46.0,2
46.2,2
46.4,2
46.6,2
46.8,2
47.0,2
47.2,2
47.4,2
47.6,2
47.8,2
48.0,2
48.2,2
48.4,2
48.6,2
48.8,2
49.0,2
49.2,2
49.4,2
49.6,2
49.8,2
50.0,1
50.2,1
50.4,1
50.6,1
50.8,1
51.0,1
51.2,1
51.4,1
51.6,1
51.8,1
52.0,1
52.2,1
52.4,1
52.6,1
52.8,1
53.0,1
53.2,1
53.4,1
53.6,1
53.8,1
54.0,1
54.2,1
54.4,1
54.6,1
54.8,1
55.0,1
55.2,1
55.4,1
55.6,1
55.8,1
56.0,1
56.2,1
56.4,1
56.6,1
56.8,1
57.0,1
57.2,1
57.4,1
57.6,1
57.8,1
58.0,1
58.2,1
58.4,1
58.6,1
58.8,1
59.0,1
59.2,1
59.4,1
59.6,1
59.8,1
60.0,1
60.2,1
60.4,1
60.6,1
60.8,1
61.0,1
61.2,1
61.4,1
61.6,2
61.8,2
62.0,2
62.2,2
62.4,2
62.6,2
62.8,2
63.0,2
63.2,2
63.4,2
63.6,2
63.8,2
64.0,2
64.2,2
64.4,2
64.6,2
64.8,2
65.0,2
65.2,2
65.4,2
65.6,2
65.8,2
66.0,2
66.2,2
66.4,2
66.6,2
66.8,2
67.0,2
67.2,2
67.4,2
67.6,2
67.8,2
68.0,2
68.2,2
68.4,2
68.6,2
68.8,2
69.0,2
69.2,2
69.4,2
69.6,2
69.8,2
70.0,2
70.2,2
70.4,2
70.6,2
70.8,2
71.0,2
71.2,2
71.4,2
71.6,2
71.8,2
72.0,2
72.2,2
72.4,2
72.6,2
72.8,2
73.0,3
73.2,3
73.4,3
73.6,3
73.8,3
74.0,3
74.2,3
74.4,3
74.6,3
74.8,3
75.0,3
75.2,3
75.4,3
75.6,3
75.8,3
76.0,3
76.2,3
76.4,3
76.6,3
76.8,3
77.0,3
77.2,3
77.4,3
77.6,3
77.8,3
78.0,3
78.2,3
78.4,3
78.6,3
78.8,3
79.0,3
79.2,3
79.4,3
79.6,3
79.8,3
80.0,3
80.2,3
80.4,3
80.6,3
80.8,3
81.0,3
81.2,3
81.4,3
81.6,3
81.8,3
82.0,3
82.2,3
82.4,3
82.6,3
82.8,3
83.0,3
83.2,3
83.4,3
83.6,3
83.8,3
84.0,3
84.2,3
84.4,3
84.6,3
84.8,3
85.0,3
85.2,3
85.4,3
85.6,3
85.8,3
86.0,3
86.2,3
86.4,3
86.6,3
86.8,3
87.0,3
87.2,3
87.4,3
87.6,3
87.8,3
88.0,3
88.2,3
88.4,3
88.6,3
88.8,3
89.0,3
89.2,2
89.4,2
89.6,2
89.8,2
90.0,2
90.2,2
90.4,3
90.6,3
90.8,3
91.0,3
91.2,3
91.4,3
91.6,3
91.8,3
92.0,3
92.2,3
92.4,3
92.6,3
92.8,3
93.0,3
93.2,3
93.4,3
93.6,3
93.8,3
94.0,3
94.2,3
94.4,3
94.6,3
94.8,3
95.0,3
95.2,3
95.4,3
95.6,3
95.8,3
96.0,3
96.2,3
96.4,3
96.6,3
96.8,3
97.0,3
97.2,3
97.4,3
97.6,3
97.8,3
98.0,3
98.2,3
98.4,3
98.6,3
98.8,3
99.0,3
99.2,3
99.4,3
99.6,3
99.8,3
100.0,3
100.2,3
100.4,3
100.6,3
100.8,3
101.0,3
101.2,3
101.4,3
101.6,3
101.8,3
102.0,3
102.2,3
102.4,3
102.6,3
102.8,3
103.0,3
103.2,3
103.4,3
103.6,3
103.8,3
104.0,3
104.2,3
104.4,3
104.6,3
104.8,3
105.0,3
105.2,3
105.4,3
105.6,3
105.8,3
106.0,3
106.2,3
106.4,3
106.6,3
106.8,3
107.0,3
107.2,3
107.4,3
107.6,3
107.8,4
108.0,4
108.2,4
108.4,4
108.6,4
108.8,4
109.0,4
109.2,4
109.4,4
109.6,4
109.8,4
110.0,4
110.2,4
110.4,4
110.6,4
110.8,4
111.0,4
111.2,4
111.4,4
111.6,4
111.8,4
112.0,4
112.2,4
112.4,4
112.6,4
112.8,4
113.0,4
113.2,4
113.4,4
113.6,4
113.8,4
114.0,4
114.2,4
114.4,4
114.6,4
114.8,4
115.0,4
115.2,4
115.4,4
115.6,4
115.8,4
116.0,4
116.2,4
116.4,4
116.6,4
116.8,4
117.0,4
117.2,4
117.4,4
117.6,4
117.8,4
118.0,4
118.2,4
118.4,4
118.6,4
118.8,4
119.0,4
119.2,4
119.4,4
119.6,4
119.8,4
120.0,4
120.2,4
120.4,4
120.6,4
120.8,4
121.0,4
121.2,4
121.4,4
121.6,4
121.8,4
122.0,4
122.2,4
122.4,4
122.6,4
122.8,4
123.0,4
123.2,4
123.4,4
123.6,4
123.8,4
124.0,4
124.2,4
124.4,4
124.6,4
124.8,4
125.0,4
125.2,4
125.4,4
125.6,4
125.8,4
126.0,4
126.2,4
126.4,4
126.6,4
126.8,4
127.0,4
127.2,4
127.4,4
127.6,4
127.8,4
128.0,4
128.2,4
128.4,4
128.6,4
128.8,4
129.0,4
129.2,4
129.4,4
129.6,4
129.8,4
130.0,4
130.2,4
130.4,4
130.6,4
130.8,4
131.0,4
131.2,4
131.4,4
131.6,4
131.8,4
132.0,4
132.2,4
132.4,4
132.6,4
132.8,4
133.0,4
133.2,4
133.4,5
133.6,5
133.8,5
134.0,5
134.2,5
134.4,5
134.6,5
134.8,5
135.0,5
135.2,5
135.4,5
135.6,5
135.8,5
136.0,5
136.2,5
136.4,5
136.6,5
136.8,6
137.0,6
137.2,6
137.4,6
137.6,6
137.8,6
138.0,7
138.2,7
138.4,7
138.6,7
138.8,7
139.0,7
139.2,7
139.4,7
139.6,7
139.8,7
140.0,7
140.2,7
140.4,7
140.6,7
140.8,7
141.0,7
141.2,7
141.4,7
141.6,7
141.8,7
142.0,7
142.2,7
142.4,7
142.6,7
142.8,7
143.0,7
143.2,7
143.4,7
143.6,7
143.8,7
144.0,7
144.2,7
144.4,7
144.6,8
144.8,8
145.0,8
145.2,8
145.4,8
145.6,8
145.8,8
146.0,8
146.2,8
146.4,8
146.6,8
146.8,8
147.0,8
147.2,8
147.4,8
147.6,8
147.8,8
148.0,8
148.2,8
148.4,8
148.6,8
148.8,9
149.0,9
149.2,8
149.4,8
149.6,8
149.8,8
150.0,8
150.2,8
150.4,8
150.6,8
150.8,8
151.0,7
151.2,7
151.4,7
151.6,7
151.8,7
152.0,7
152.2,7
152.4,7
152.6,7
152.8,7
153.0,7
153.2,7
153.4,7
153.6,7
153.8,7
154.0,7
154.2,7
154.4,7
154.6,7
154.8,7
155.0,7
155.2,7
155.4,7
155.6,7
155.8,7
156.0,7
156.2,7
156.4,7
156.6,7
156.8,7
157.0,6
157.2,6
157.4,6
157.6,6
157.8,6
158.0,6
158.2,6
158.4,6
158.6,6
158.8,6
159.0,6
159.2,6
159.4,6
159.6,6
159.8,6
160.0,6
160.2,6
160.4,6
160.6,6
160.8,6
161.0,6
161.2,6
161.4,6
161.6,6
161.8,6
162.0,6
162.2,6
162.4,6
162.6,6
162.8,7
163.0,7
163.2,7
163.4,7
163.6,7
163.8,6
164.0,6
164.2,6
164.4,6
164.6,6
164.8,6
165.0,6
165.2,6
165.4,6
165.6,6
165.8,6
166.0,6
166.2,6
166.4,6
166.6,6
166.8,6
167.0,6
167.2,6
167.4,6
167.6,6
167.8,6
168.0,6
168.2,6
168.4,6
168.6,6
168.8,6
169.0,6
169.2,6
169.4,6
169.6,6
169.8,6
170.0,6
170.2,6
170.4,6
170.6,6
170.8,6
171.0,7
171.2,7
171.4,7
171.6,7
171.8,7
172.0,7
172.2,7
172.4,7
172.6,7
172.8,7
173.0,7
173.2,7
173.4,7
173.6,7
173.8,7
174.0,7
174.2,7
174.4,7
174.6,7
174.8,7
175.0,7
175.2,8
175.4,8
175.6,8
175.8,8
176.0,8
176.2,8
176.4,8
176.6,8
176.8,8
177.0,8
177.2,8
177.4,8
177.6,8
177.8,8
178.0,8
178.2,8
178.4,8
178.6,8
178.8,8
179.0,8
179.2,8
179.4,8
179.6,8
179.8,8
180.0,8
180.2,8
180.4,8
180.6,8
180.8,8
181.0,8
181.2,8
181.4,8
181.6,8
181.8,8
182.0,8
182.2,8
182.4,8
182.6,8
182.8,8
183.0,8
183.2,8
183.4,8
183.6,8
183.8,8
184.0,8
184.2,8
184.4,8
184.6,8
184.8,8
185.0,9
185.2,9
185.4,9
185.6,9
185.8,9
186.0,9
186.2,9
186.4,9
186.6,9
186.8,9
187.0,9
187.2,9
187.4,9
187.6,9
187.8,9
188.0,9
188.2,9
188.4,9
188.6,9
188.8,9
189.0,9
189.2,9
189.4,9
189.6,9
189.8,9
190.0,9
190.2,9
190.4,9
190.6,9
190.8,9
191.0,9
191.2,9
191.4,9
191.6,9
191.8,9
192.0,9
192.2,9
192.4,9
192.6,9
192.8,9
193.0,9
193.2,9
193.4,9
193.6,9
193.8,9
194.0,9
194.2,9
194.4,9
194.6,9
194.8,9
195.0,9
195.2,9
195.4,9
195.6,9
195.8,9
196.0,9
196.2,9
196.4,9
196.6,9
196.8,9
197.0,9
197.2,9
197.4,9
197.6,9
197.8,9
198.0,9
198.2,9
198.4,9
198.6,9
198.8,9
199.0,9
199.2,9
199.4,9
199.6,9
199.8,9
200.0,9
200.2,9
200.4,9
200.6,9
200.8,9
201.0,9
201.2,9
201.4,9
201.6,9
201.8,9
202.0,9
202.2,9
202.4,9
202.6,9
202.8,9
203.0,9
203.2,9
203.4,9
203.6,9
203.8,9
204.0,9
204.2,9
204.4,9
204.6,9
204.8,9
205.0,9
205.2,9
205.4,9
205.6,9
205.8,9
206.0,9
206.2,9
206.4,9
206.6,9
206.8,9
207.0,9
207.2,9
207.4,9
207.6,9
207.8,9
208.0,9
208.2,8
208.4,8
208.6,8
208.8,8
209.0,8
209.2,8
209.4,8
209.6,8
209.8,8
210.0,8
210.2,8
210.4,8
210.6,8
210.8,8
211.0,8
211.2,8
211.4,8
211.6,8
211.8,8
212.0,8
212.2,8
212.4,8
212.6,8
212.8,8
213.0,8
213.2,8
213.4,8
213.6,8
213.8,9
214.0,9
214.2,9
214.4,9
214.6,9
214.8,9
215.0,9
215.2,9
215.4,9
215.6,9
215.8,9
216.0,9
216.2,9
216.4,8
216.6,8
216.8,8
217.0,8
217.2,8
217.4,8
217.6,8
217.8,8
218.0,8
218.2,9
218.4,9
218.6,9
218.8,9
219.0,9
219.2,9
219.4,9
219.6,9
219.8,9
220.0,9
220.2,9
220.4,9
220.6,9
220.8,9
221.0,9
221.2,9
221.4,9
221.6,9
221.8,9
222.0,9
222.2,9
222.4,9
222.6,9
222.8,9
223.0,9
223.2,9
223.4,9
223.6,9
223.8,9
224.0,9
224.2,9
224.4,9
224.6,9
224.8,9
225.0,9
225.2,9
225.4,9
225.6,9
225.8,9
226.0,9
226.2,9
226.4,9
226.6,9
226.8,9
227.0,9
227.2,9
227.4,9
227.6,9
227.8,9
228.0,9
228.2,9
228.4,9
228.6,9
228.8,9
229.0,9
229.2,9
229.4,9
229.6,9
229.8,9
230.0,9
230.2,9
230.4,9
230.6,9
230.8,9
231.0,9
231.2,9
231.4,9
231.6,9
231.8,9
232.0,9
232.2,9
232.4,9
232.6,9
232.8,9
233.0,9
233.2,9
233.4,9
233.6,9
233.8,9
234.0,9
234.2,9
234.4,9
234.6,9
234.8,9
235.0,9
235.2,9
235.4,9
235.6,9
235.8,9
236.0,9
236.2,9
236.4,9
236.6,9
236.8,9
237.0,9
237.2,9
237.4,9
237.6,9
237.8,9
238.0,9
238.2,9
238.4,9
238.6,9
238.8,9
239.0,9
239.2,9
239.4,9
239.6,9
239.8,10
240.0,11
240.2,11
240.4,11
240.6,11
240.8,11
241.0,11
241.2,11
241.4,11
241.6,11
241.8,11
242.0,11
242.2,11
242.4,11
242.6,11
242.8,11
243.0,11
243.2,11
243.4,11
243.6,11
243.8,11
244.0,11
244.2,11
244.4,11
244.6,11
244.8,11
245.0,11
245.2,11
245.4,11
245.6,11
245.8,11
246.0,11
246.2,11
246.4,11
246.6,11
246.8,11
247.0,10
247.2,10
247.4,10
247.6,9
247.8,9
248.0,9
248.2,9
248.4,9
248.6,9
248.8,9
249.0,9
249.2,9
249.4,9
249.6,9
249.8,9
250.0,9
250.2,9
250.4,9
250.6,9
250.8,9
251.0,9
251.2,9
251.4,9
251.6,9
251.8,9
252.0,9
252.2,9
252.4,9
252.6,9
252.8,9
253.0,9
253.2,9
253.4,9
253.6,9
253.8,9
254.0,9
254.2,9
254.4,10
254.6,10
254.8,10
255.0,10
255.2,10
255.4,10
255.6,10
255.8,11
256.0,11
256.2,11
256.4,11
256.6,11
256.8,11
257.0,11
257.2,11
257.4,11
257.6,12
257.8,12
258.0,12
258.2,12
258.4,12
258.6,12
258.8,12
259.0,13
259.2,13
259.4,13
259.6,13
259.8,13
260.0,12
260.2,12
260.4,12
260.6,12
260.8,12
261.0,12
261.2,12
261.4,12
261.6,12
261.8,12
262.0,11
262.2,11
262.4,11
262.6,11
262.8,11
263.0,11
263.2,11
263.4,11
263.6,11
263.8,11
264.0,11
264.2,11
264.4,11
264.6,11
264.8,11
265.0,11
265.2,11
265.4,11
265.6,11
265.8,11
266.0,11
266.2,11
266.4,11
266.6,11
266.8,11
267.0,11
267.2,11
267.4,11
267.6,11
267.8,11
268.0,10
268.2,10
268.4,10
268.6,10
268.8,10
269.0,10
269.2,10
269.4,10
269.6,10
269.8,9
270.0,9
270.2,9
270.4,9
270.6,9
270.8,9
271.0,9
271.2,9
271.4,9
271.6,9
271.8,9
272.0,9
272.2,9
272.4,9
272.6,9
272.8,9
273.0,9
273.2,9
273.4,9
273.6,9
273.8,9
274.0,9
274.2,9
274.4,9
274.6,9
274.8,9
275.0,10
275.2,10
275.4,10
275.6,10
275.8,10
276.0,10
276.2,10
276.4,10
276.6,10
276.8,10
277.0,10
277.2,10
277.4,10
277.6,10
277.8,10
278.0,10
278.2,10
278.4,10
278.6,10
278.8,10
279.0,10
279.2,10
279.4,10
279.6,10
279.8,10
280.0,10
280.2,10
280.4,10
280.6,10
280.8,10
281.0,10
281.2,10
281.4,10
281.6,10
281.8,10
282.0,10
282.2,10
282.4,10
282.6,10
282.8,10
283.0,10
283.2,10
283.4,10
283.6,11
283.8,11
284.0,11
284.2,11
284.4,11
284.6,11
284.8,11
285.0,10
285.2,10
285.4,10
285.6,10
285.8,10
286.0,10
286.2,10
286.4,10
286.6,10
286.8,10
287.0,10
287.2,10
287.4,10
287.6,10
287.8,10
288.0,10
288.2,10
288.4,10
288.6,10
288.8,10
289.0,10
289.2,10
289.4,10
289.6,10
289.8,10
290.0,10
290.2,10
290.4,10
290.6,10
290.8,10
291.0,10
291.2,10
291.4,10
291.6,10
291.8,10
292.0,10
292.2,10
292.4,10
292.6,10
292.8,10
293.0,10
293.2,10
293.4,10
293.6,10
293.8,10
294.0,10
294.2,10
294.4,10
294.6,10
294.8,11
295.0,11
295.2,11
295.4,11
295.6,11
295.8,11
296.0,11
296.2,11
296.4,11
296.6,11
296.8,12
297.0,12
297.2,12
297.4,12
297.6,12
297.8,12
298.0,12
298.2,12
298.4,12
298.6,12
298.8,12
299.0,13
299.2,13
299.4,13
299.6,13
299.8,13
300.0,13
300.2,13
300.4,13
300.6,13
300.8,13
301.0,12
301.2,12
301.4,12
301.6,12
301.8,12
302.0,12
302.2,12
302.4,12
302.6,12
302.8,12
303.0,12
303.2,12
303.4,12
303.6,12
303.8,12
304.0,12
304.2,12
304.4,12
304.6,12
304.8,12
305.0,12
305.2,12
305.4,12
305.6,12
305.8,12
306.0,12
306.2,12
306.4,12
306.6,12
306.8,12
307.0,12
307.2,12
307.4,12
307.6,12
307.8,12
308.0,12
308.2,12
308.4,12
308.6,12
308.8,12
309.0,12
309.2,12
309.4,12
309.6,12
309.8,12
310.0,12
310.2,12
310.4,12
310.6,12
310.8,12
311.0,12
311.2,12
311.4,12
311.6,12
311.8,12
312.0,12
312.2,12
312.4,12
312.6,12
312.8,12
313.0,12
313.2,12
313.4,12
313.6,12
313.8,12
314.0,12
314.2,12
314.4,12
314.6,12
314.8,12
315.0,12
315.2,12
315.4,12
315.6,12
315.8,12
316.0,12
316.2,12
316.4,12
316.6,12
316.8,12
317.0,12
317.2,12
317.4,12
317.6,12
317.8,12
318.0,12
318.2,12
318.4,12
318.6,12
318.8,12
319.0,12
319.2,12
319.4,12
319.6,12
319.8,12
320.0,12
320.2,12
320.4,12
320.6,12
320.8,12
321.0,12
321.2,12
321.4,12
321.6,12
321.8,12
322.0,12
322.2,12
322.4,12
322.6,12
322.8,12
323.0,12
323.2,12
323.4,12
323.6,12
323.8,12
324.0,12
324.2,12
324.4,12
324.6,12
324.8,12
325.0,12
325.2,12
325.4,12
325.6,12
325.8,12
326.0,12
326.2,12
326.4,12
326.6,12
326.8,12
327.0,12
327.2,12
327.4,12
327.6,12
327.8,12
328.0,12
328.2,12
328.4,12
328.6,12
328.8,12
329.0,12
329.2,12
329.4,12
329.6,12
329.8,12
330.0,12
330.2,12
330.4,12
330.6,12
330.8,12
331.0,12
331.2,12
331.4,12
331.6,12
331.8,12
332.0,12
332.2,12
332.4,12
332.6,13
332.8,13
333.0,13
333.2,13
333.4,14
333.6,14
333.8,14
334.0,14
334.2,15
334.4,15
334.6,15
334.8,15
335.0,15
335.2,15
335.4,15
335.6,15
335.8,15
336.0,15
336.2,16
336.4,16
336.6,16
336.8,16
337.0,16
337.2,16
337.4,16
337.6,16
337.8,16
338.0,16
338.2,17
338.4,17
338.6,17
338.8,17
339.0,17
339.2,17
339.4,17
339.6,17
339.8,17
340.0,17
340.2,17
340.4,17
340.6,17
340.8,17
341.0,17
341.2,17
341.4,17
341.6,17
341.8,17
342.0,17
342.2,17
342.4,17
342.6,17
342.8,17
343.0,17
343.2,17
343.4,18
343.6,18
343.8,18
344.0,18
344.2,18
344.4,18
344.6,19
344.8,19
345.0,19
345.2,19
345.4,19
345.6,19
345.8,19
346.0,19
346.2,19
346.4,19
346.6,19
346.8,19
347.0,19
347.2,19
347.4,19
347.6,20
347.8,20
348.0,20
348.2,20
348.4,20
348.6,20
348.8,20
349.0,20
349.2,20
349.4,20
349.6,20
349.8,21
350.0,21
350.2,21
350.4,21
350.6,21
350.8,21
351.0,21
351.2,21
351.4,21
351.6,21
351.8,21
352.0,21
352.2,21
352.4,21
352.6,21
352.8,22
353.0,22
353.2,22
353.4,22
353.6,22
353.8,22
354.0,22
354.2,22
354.4,22
354.6,22
354.8,22
355.0,22
355.2,22
355.4,22
355.6,22
355.8,22
356.0,22
356.2,22
356.4,22
356.6,22
356.8,22
357.0,22
357.2,22
357.4,22
357.6,22
357.8,22
358.0,22
358.2,22
358.4,22
358.6,22
358.8,22
359.0,22
359.2,22
359.4,23
359.6,23
359.8,23
360.0,23
360.2,23
360.4,23
360.6,23
360.8,23
361.0,23
361.2,23
361.4,23
361.6,23
361.8,23
362.0,23
362.2,23
362.4,23
362.6,23
362.8,24
363.0,24
363.2,24
363.4,24
363.6,24
363.8,24
364.0,24
364.2,24
364.4,24
364.6,24
364.8,24
365.0,24
365.2,24
365.4,24
365.6,24
365.8,24
366.0,24
366.2,24
366.4,24
366.6,24
366.8,24
367.0,24
367.2,24
367.4,24
367.6,24
367.8,24
368.0,24
368.2,24
368.4,24
368.6,24
368.8,24
369.0,24
369.2,24
369.4,24
369.6,24
369.8,24
370.0,24
370.2,24
370.4,24
370.6,24
370.8,24
371.0,24
371.2,24
371.4,24
371.6,24
371.8,24
372.0,24
372.2,25
372.4,25
372.6,25
372.8,25
373.0,25
373.2,25
373.4,25
373.6,25
373.8,26
374.0,26
374.2,27
374.4,27
374.6,27
374.8,27
375.0,27
375.2,27
375.4,27
375.6,27
375.8,27
376.0,27
376.2,27
376.4,28
376.6,28
376.8,28
377.0,28
377.2,28
377.4,28
377.6,28
377.8,29
378.0,29
378.2,29
378.4,29
378.6,29
378.8,29
379.0,29
379.2,29
379.4,29
379.6,29
379.8,29
380.0,29
380.2,29
380.4,29
380.6,29
380.8,29
381.0,29
381.2,29
381.4,29
381.6,29
381.8,29
382.0,29
382.2,29
382.4,29
382.6,29
382.8,29
383.0,29
383.2,29
383.4,29
383.6,29
383.8,29
384.0,29
384.2,29
384.4,29
384.6,29
384.8,29
385.0,29
385.2,29
385.4,29
385.6,29
385.8,29
386.0,29
386.2,29
386.4,29
386.6,29
386.8,29
387.0,29
387.2,29
387.4,29
387.6,29
387.8,29
388.0,29
388.2,29
388.4,29
388.6,29
388.8,29
389.0,29
389.2,29
389.4,29
389.6,29
389.8,29
390.0,29
390.2,29
390.4,29
390.6,29
390.8,29
391.0,29
391.2,29
391.4,29
391.6,29
391.8,29
392.0,29
392.2,29
392.4,29
392.6,29
392.8,29
393.0,29
393.2,29
393.4,29
393.6,29
393.8,29
394.0,29
394.2,29
394.4,29
394.6,29
394.8,29
395.0,29
395.2,29
395.4,29
395.6,29
395.8,29
396.0,29
396.2,29
396.4,29
396.6,29
396.8,29
397.0,29
397.2,29
397.4,29
397.6,29
397.8,29
398.0,29
398.2,29
398.4,29
398.6,29
398.8,28
399.0,28
399.2,28
399.4,28
399.6,28
399.8,28
400.0,28
400.2,28
400.4,28
400.6,28
400.8,28
401.0,28
401.2,28
401.4,28
401.6,28
401.8,28
402.0,28
402.2,28
402.4,28
402.6,28
402.8,28
403.0,28
403.2,28
403.4,28
403.6,28
403.8,28
404.0,28
404.2,28
404.4,28
404.6,28
404.8,28
405.0,28
405.2,28
405.4,28
405.6,28
405.8,28
406.0,28
406.2,28
406.4,28
406.6,28
406.8,28
407.0,28
407.2,28
407.4,28
407.6,28
407.8,28
408.0,28
408.2,28
408.4,28
408.6,28
408.8,28
409.0,29
409.2,29
409.4,29
409.6,29
409.8,29
410.0,29
410.2,29
410.4,29
410.6,29
410.8,29
411.0,29
411.2,29
411.4,29
411.6,29
411.8,29
412.0,29
412.2,29
412.4,29
412.6,29
412.8,28
413.0,28
413.2,28
413.4,28
413.6,28
413.8,28
414.0,28
414.2,28
414.4,28
414.6,28
414.8,28
415.0,28
415.2,28
415.4,28
415.6,28
415.8,28
416.0,28
416.2,28
416.4,28
416.6,28
416.8,28
417.0,28
417.2,28
417.4,28
417.6,28
417.8,28
418.0,29
418.2,29
418.4,29
418.6,29
418.8,29
419.0,29
419.2,29
419.4,29
419.6,29
419.8,29
420.0,29
420.2,29
420.4,29
420.6,29
420.8,29
421.0,29
421.2,29
421.4,29
421.6,29
421.8,29
422.0,29
422.2,29
422.4,28
422.6,28
422.8,28
423.0,28
423.2,28
423.4,28
423.6,28
423.8,28
424.0,28
424.2,28
424.4,29
424.6,29
424.8,29
425.0,29
425.2,29
425.4,29
425.6,29
425.8,29
426.0,29
426.2,29
426.4,30
426.6,30
426.8,30
427.0,30
427.2,30
427.4,30
427.6,30
427.8,30
428.0,30
428.2,30
428.4,30
428.6,31
428.8,31
429.0,31
429.2,31
429.4,31
429.6,31
429.8,31
430.0,31
430.2,31
430.4,31
430.6,32
430.8,32
431.0,32
431.2,32
431.4,32
431.6,32
431.8,32
432.0,32
432.2,32
432.4,32
432.6,32
432.8,33
433.0,33
433.2,34
433.4,34
433.6,34
433.8,34
434.0,34
434.2,34
434.4,34
434.6,34
434.8,34
435.0,35
435.2,36
435.4,36
435.6,36
435.8,36
436.0,36
436.2,36
436.4,36
436.6,37
436.8,37
437.0,37
437.2,37
437.4,37
437.6,37
437.8,37
438.0,37
438.2,37
438.4,37
438.6,37
438.8,37
439.0,37
439.2,37
439.4,37
439.6,37
439.8,37
440.0,37
440.2,37
440.4,37
440.6,37
440.8,38
441.0,38
441.2,38
441.4,38
441.6,38
441.8,38
442.0,38
442.2,38
442.4,38
442.6,38
442.8,38
443.0,38
443.2,38
443.4,38
443.6,38
443.8,38
444.0,38
444.2,38
444.4,38
444.6,38
444.8,38
445.0,38
445.2,38
445.4,38
445.6,38
445.8,38
446.0,38
446.2,38
446.4,38
446.6,38
446.8,38
447.0,38
447.2,38
447.4,38
447.6,38
447.8,38
448.0,38
448.2,38
448.4,38
448.6,38
448.8,38
449.0,38
449.2,38
449.4,38
449.6,38
449.8,38
450.0,38
450.2,38
450.4,38
450.6,38
450.8,38
451.0,38
451.2,38
451.4,38
451.6,38
451.8,38
452.0,38
452.2,38
452.4,38
452.6,38
452.8,38
453.0,38
453.2,38
453.4,38
453.6,38
453.8,38
454.0,38
454.2,38
454.4,38
454.6,38
454.8,38
455.0,38
455.2,38
455.4,38
455.6,38
455.8,38
456.0,38
456.2,38
456.4,38
456.6,38
456.8,38
457.0,38
457.2,38
457.4,38
457.6,38
457.8,38
458.0,38
458.2,38
458.4,38
458.6,38
458.8,38
459.0,38
459.2,38
459.4,38
459.6,38
459.8,38
460.0,38
460.2,38
460.4,38
460.6,38
460.8,38
461.0,38
461.2,38
461.4,38
461.6,38
461.8,38
462.0,38
462.2,38
462.4,38
462.6,38
462.8,38
463.0,38
463.2,38
463.4,38
463.6,38
463.8,38
464.0,38
464.2,38
464.4,38
464.6,38
464.8,38
465.0,38
465.2,38
465.4,38
465.6,38
465.8,38
466.0,38
466.2,38
466.4,38
466.6,38
466.8,38
467.0,38
467.2,38
467.4,38
467.6,38
467.8,38
468.0,38
468.2,38
468.4,38
468.6,38
468.8,38
469.0,38
469.2,38
469.4,38
469.6,38
469.8,38
470.0,38
470.2,38
470.4,39
470.6,39
470.8,39
471.0,39
471.2,39
471.4,39
471.6,39
471.8,39
472.0,39
472.2,40
472.4,40
472.6,40
472.8,40
473.0,40
473.2,40
473.4,40
473.6,40
473.8,40
474.0,40
474.2,40
474.4,40
474.6,40
474.8,40
475.0,40
475.2,40
475.4,40
475.6,40
475.8,40
476.0,40
476.2,40
476.4,40
476.6,40
476.8,40
477.0,40
477.2,40
477.4,40
477.6,40
477.8,40
478.0,41
478.2,41
478.4,41
478.6,41
478.8,41
479.0,41
479.2,41
479.4,41
479.6,41
479.8,41
480.0,41
480.2,41
480.4,41
480.6,42
480.8,42
481.0,42
481.2,42
481.4,42
481.6,42
481.8,42
482.0,42
482.2,42
482.4,42
482.6,42
482.8,42
483.0,42
483.2,42
483.4,42
483.6,42
483.8,42
484.0,42
484.2,42
484.4,42
484.6,42
484.8,42
485.0,42
485.2,42
485.4,42
485.6,42
485.8,42
486.0,42
486.2,42
486.4,42
486.6,42
486.8,42
487.0,42
487.2,42
487.4,42
487.6,42
487.8,42
488.0,42
488.2,42
488.4,42
488.6,42
488.8,42
489.0,42
489.2,42
489.4,42
489.6,43
489.8,43
490.0,43
490.2,43
490.4,43
490.6,43
490.8,44
491.0,44
491.2,44
491.4,44
491.6,44
491.8,44
492.0,44
492.2,44
492.4,44
492.6,44
492.8,44
493.0,44
493.2,44
493.4,44
493.6,44
493.8,44
494.0,44
494.2,44
494.4,44
494.6,44
494.8,44
495.0,44
495.2,44
495.4,44
495.6,44
495.8,44
496.0,44
496.2,44
496.4,44
496.6,44
496.8,44
497.0,44
497.2,44
497.4,44
497.6,44
497.8,44
498.0,44
498.2,44
498.4,44
498.6,44
498.8,44
499.0,44
499.2,44
499.4,44
499.6,44
499.8,44
500.0,45
500.2,45
500.4,45
500.6,45
500.8,45
501.0,45
501.2,45
501.4,45
501.6,45
501.8,45
502.0,45
502.2,45
502.4,45
502.6,45
502.8,45
503.0,45
503.2,45
503.4,45
503.6,45
503.8,45
504.0,45
504.2,45
504.4,45
504.6,45
504.8,45
505.0,45
505.2,45
505.4,45
505.6,45
505.8,45
506.0,45
506.2,45
506.4,45
506.6,45
506.8,45
507.0,45
507.2,45
507.4,45
507.6,45
507.8,45
508.0,44
508.2,44
508.4,44
508.6,44
508.8,44
509.0,44
509.2,44
509.4,44
509.6,44
509.8,44
510.0,44
510.2,44
510.4,44
510.6,44
510.8,44
511.0,44
511.2,44
511.4,44
511.6,44
511.8,44
512.0,44
512.2,44
512.4,43
512.6,43
512.8,43
513.0,43
513.2,43
513.4,43
513.6,43
513.8,43
514.0,43
514.2,43
514.4,43
514.6,43
514.8,43
515.0,43
515.2,44
515.4,44
515.6,44
515.8,44
516.0,44
516.2,44
516.4,44
516.6,44
516.8,44
517.0,44
517.2,44
517.4,44
517.6,44
517.8,44
518.0,44
518.2,44
518.4,44
518.6,44
518.8,44
519.0,44
519.2,44
519.4,44
519.6,44
519.8,44
520.0,45
520.2,45
520.4,45
520.6,45
520.8,45
521.0,45
521.2,45
521.4,45
521.6,45
521.8,45
522.0,45
522.2,45
522.4,45
522.6,45
522.8,45
523.0,45
523.2,45
523.4,45
523.6,45
523.8,45
524.0,45
524.2,45
524.4,45
524.6,45
524.8,45
525.0,45
525.2,45
525.4,45
525.6,45
525.8,45
526.0,45
526.2,45
526.4,45
526.6,46
526.8,46
527.0,46
527.2,46
527.4,46
527.6,46
527.8,46
528.0,46
528.2,45
528.4,45
528.6,45
528.8,46
529.0,46
529.2,46
529.4,46
529.6,46
529.8,46
530.0,46
530.2,46
530.4,46
530.6,46
530.8,46
531.0,46
531.2,46
531.4,46
531.6,46
531.8,46
532.0,46
532.2,46
532.4,46
532.6,47
532.8,47
533.0,47
533.2,47
533.4,47
533.6,47
533.8,47
534.0,47
534.2,47
534.4,47
534.6,47
534.8,47
535.0,47
535.2,47
535.4,47
535.6,47
535.8,47
536.0,47
536.2,47
536.4,47
536.6,47
536.8,47
537.0,47
537.2,47
537.4,47
537.6,48
537.8,48
538.0,48
538.2,48
538.4,48
538.6,48
538.8,48
539.0,48
539.2,48
539.4,48
539.6,48
539.8,48
540.0,48
540.2,48
540.4,47
540.6,47
540.8,47
541.0,47
541.2,47
541.4,47
541.6,47
541.8,47
542.0,47
542.2,47
542.4,47
542.6,47
542.8,47
543.0,47
543.2,47
543.4,47
543.6,47
543.8,47
544.0,47
544.2,47
544.4,47
544.6,47
544.8,47
545.0,47
545.2,47
545.4,47
545.6,47
545.8,47
546.0,47
546.2,47
546.4,47
546.6,47
546.8,47
547.0,47
547.2,47
547.4,47
547.6,47
547.8,47
548.0,47
548.2,47
548.4,47
548.6,47
548.8,47
549.0,47
549.2,47
549.4,47
549.6,47
549.8,47
550.0,47
550.2,47
550.4,47
550.6,47
550.8,47
551.0,47
551.2,48
551.4,48
551.6,48
551.8,48
552.0,48
552.2,48
552.4,48
552.6,48
552.8,48
553.0,49
553.2,49
553.4,49
553.6,49
553.8,49
554.0,49
554.2,49
554.4,49
554.6,49
554.8,49
555.0,49
555.2,50
555.4,50
555.6,50
555.8,50
556.0,50
556.2,50
556.4,50
556.6,50
556.8,49
557.0,49
557.2,49
557.4,49
557.6,49
557.8,49
558.0,49
558.2,49
558.4,49
558.6,49
558.8,49
559.0,49
559.2,49
559.4,49
559.6,49
559.8,49
560.0,49
560.2,49
560.4,49
560.6,49
560.8,49
561.0,49
561.2,49
561.4,49
561.6,49
561.8,49
562.0,49
562.2,49
562.4,49
562.6,49
562.8,49
563.0,49
563.2,49
563.4,49
563.6,49
563.8,49
564.0,49
564.2,49
564.4,49
564.6,49
564.8,49
565.0,49
565.2,49
565.4,49
565.6,50
565.8,50
566.0,50
566.2,50
566.4,50
566.6,50
566.8,50
567.0,50
567.2,50
567.4,50
567.6,50
567.8,50
568.0,50
568.2,50
568.4,50
568.6,50
568.8,50
569.0,50
569.2,50
569.4,50
569.6,50
569.8,50
570.0,50
570.2,50
570.4,50
570.6,50
570.8,50
571.0,50
571.2,50
571.4,50
571.6,50
571.8,50
572.0,50
572.2,50
572.4,50
572.6,50
572.8,50
573.0,50
573.2,50
573.4,50
573.6,50
573.8,50
574.0,50
574.2,50
574.4,50
574.6,50
574.8,50
575.0,50
575.2,50
575.4,50
575.6,50
575.8,50
576.0,50
576.2,50
576.4,50
576.6,50
576.8,50
577.0,50
577.2,50
577.4,49
577.6,49
577.8,49
578.0,50
578.2,50
578.4,50
578.6,50
578.8,50
579.0,50
579.2,50
579.4,50
579.6,50
579.8,50
580.0,50
580.2,50
580.4,50
580.6,50
580.8,50
581.0,50
581.2,50
581.4,50
581.6,50
581.8,50
582.0,50
582.2,50
582.4,50
582.6,50
582.8,50
583.0,50
583.2,50
583.4,50
583.6,50
583.8,50
584.0,50
584.2,50
584.4,50
584.6,50
584.8,50
585.0,50
585.2,50
585.4,50
585.6,50
585.8,50
586.0,50
586.2,50
586.4,50
586.6,50
586.8,50
587.0,50
587.2,50
587.4,50
587.6,50
587.8,50
588.0,50
588.2,50
588.4,50
588.6,50
588.8,50
589.0,50
589.2,50
589.4,50
589.6,50
589.8,50
590.0,50
590.2,50
590.4,50
590.6,50
590.8,50
591.0,50
591.2,50
591.4,50
591.6,50
591.8,50
592.0,50
592.2,50
592.4,50
592.6,50
592.8,50
593.0,50
593.2,50
593.4,50
593.6,50
593.8,50
594.0,50
594.2,50
594.4,50
594.6,50
594.8,50
595.0,51
595.2,51
595.4,51
595.6,51
595.8,51
596.0,51
596.2,51
596.4,51
596.6,51
596.8,51
597.0,51
597.2,51
597.4,51
597.6,51
597.8,52
598.0,52
598.2,52
598.4,52
598.6,52
598.8,52
599.0,52
599.2,52
599.4,52
599.6,52
599.8,52
600.0,53
600.2,53
600.4,53
600.6,53
600.8,52
601.0,52
601.2,52
601.4,52
601.6,52
601.8,52
602.0,52
602.2,52
602.4,52
602.6,52
602.8,52
603.0,52
603.2,52
603.4,53
603.6,53
603.8,53
604.0,53
604.2,53
604.4,53
604.6,53
604.8,53
605.0,53
605.2,53
605.4,53
605.6,53
605.8,53
606.0,53
606.2,53
606.4,54
606.6,54
606.8,53
607.0,53
607.2,53
607.4,53
607.6,53
607.8,53
608.0,53
608.2,53
608.4,53
608.6,53
608.8,53
609.0,53
609.2,53
609.4,53
609.6,53
609.8,53
610.0,53
610.2,53
610.4,53
610.6,53
610.8,53
611.0,53
611.2,54
611.4,54
611.6,54
611.8,54
612.0,54
612.2,54
612.4,54
612.6,54
612.8,54
613.0,54
613.2,54
613.4,54
613.6,54
613.8,54
614.0,54
614.2,54
614.4,54
614.6,54
614.8,54
615.0,54
615.2,54
615.4,54
615.6,54
615.8,54
616.0,54
616.2,54
616.4,54
616.6,54
616.8,54
617.0,54
617.2,54
617.4,54
617.6,54
617.8,54
618.0,54
618.2,54
618.4,54
618.6,54
618.8,54
619.0,54
619.2,54
619.4,54
619.6,54
619.8,54
620.0,54
620.2,54
620.4,54
620.6,54
620.8,54
621.0,54
621.2,54
621.4,54
621.6,53
621.8,53
622.0,53
622.2,53
622.4,53
622.6,53
622.8,53
623.0,53
623.2,53
623.4,53
623.6,53
623.8,53
624.0,53
624.2,53
624.4,53
624.6,53
624.8,53
625.0,53
625.2,53
625.4,53
625.6,53
625.8,53
626.0,53
626.2,53
626.4,53
626.6,53
626.8,53
627.0,53
627.2,53
627.4,53
627.6,53
627.8,53
628.0,53
628.2,53
628.4,53
628.6,53
628.8,53
629.0,53
629.2,53
629.4,53
629.6,53
629.8,53
630.0,53
630.2,53
630.4,53
630.6,53
630.8,53
631.0,53
631.2,53
631.4,53
631.6,53
631.8,53
632.0,53
632.2,53
632.4,53
632.6,53
632.8,53
633.0,53
633.2,53
633.4,53
633.6,53
633.8,53
634.0,53
634.2,53
634.4,53
634.6,53
634.8,53
635.0,53
635.2,53
635.4,53
635.6,53
635.8,53
636.0,53
636.2,53
636.4,53
636.6,53
636.8,53
637.0,53
637.2,53
637.4,53
637.6,53
637.8,53
638.0,53
638.2,53
638.4,53
638.6,53
638.8,53
639.0,53
639.2,53
639.4,53
639.6,53
639.8,53
640.0,53
640.2,53
640.4,54
640.6,54
640.8,54
641.0,54
641.2,54
641.4,54
641.6,53
641.8,53
642.0,53
642.2,53
642.4,53
642.6,53
642.8,53
643.0,53
643.2,53
643.4,53
643.6,53
643.8,53
644.0,53
644.2,53
644.4,53
644.6,53
644.8,53
645.0,53
645.2,53
645.4,53
645.6,53
645.8,53
646.0,53
646.2,53
646.4,53
646.6,53
646.8,53
647.0,54
647.2,54
647.4,54
647.6,54
647.8,54
648.0,54
648.2,54
648.4,54
648.6,55
648.8,55
649.0,55
649.2,55
649.4,55
649.6,55
649.8,55
650.0,55
650.2,55
650.4,55
650.6,55
650.8,55
651.0,55
651.2,55
651.4,55
651.6,55
651.8,55
652.0,55
652.2,54
652.4,54
652.6,54
652.8,54
653.0,54
653.2,54
653.4,54
653.6,54
653.8,54
654.0,54
654.2,54
654.4,54
654.6,54
654.8,54
655.0,54
655.2,54
655.4,53
655.6,53
655.8,53
656.0,53
656.2,53
656.4,53
656.6,53
656.8,53
657.0,53
657.2,53
657.4,53
657.6,53
657.8,53
658.0,53
658.2,53
658.4,53
658.6,53
658.8,53
659.0,53
659.2,53
659.4,53
659.6,53
659.8,53
660.0,53
660.2,53
660.4,53
660.6,53
660.8,53
661.0,54
661.2,54
661.4,54
661.6,54
661.8,54
662.0,54
662.2,54
662.4,54
662.6,54
662.8,54
663.0,54
663.2,54
663.4,54
663.6,54
663.8,54
664.0,54
664.2,54
664.4,53
664.6,54
664.8,54
665.0,54
665.2,54
665.4,54
665.6,54
665.8,54
666.0,54
666.2,54
666.4,54
666.6,54
666.8,54
667.0,54
667.2,54
667.4,54
667.6,54
667.8,54
668.0,54
668.2,54
668.4,54
668.6,54
668.8,54
669.0,55
669.2,55
669.4,55
669.6,55
669.8,55
670.0,55
670.2,55
670.4,55
670.6,55
670.8,55
671.0,55
671.2,56
671.4,56
671.6,56
671.8,56
672.0,56
672.2,56
672.4,56
672.6,56
672.8,56
673.0,56
673.2,57
673.4,57
673.6,57
673.8,57
674.0,57
674.2,57
674.4,57
674.6,57
674.8,57
675.0,57
675.2,57
675.4,57
675.6,58
675.8,58
676.0,58
676.2,58
676.4,58
676.6,58
676.8,58
677.0,58
677.2,58
677.4,58
677.6,58
677.8,59
678.0,59
678.2,59
678.4,59
678.6,59
678.8,59
679.0,59
679.2,59
679.4,59
679.6,60
679.8,60
680.0,60
680.2,60
680.4,60
680.6,60
680.8,60
681.0,60
681.2,60
681.4,60
681.6,60
681.8,60
682.0,60
682.2,60
682.4,61
682.6,61
682.8,61
683.0,61
683.2,61
683.4,61
683.6,61
683.8,61
684.0,61
684.2,61
684.4,61
684.6,61
684.8,62
685.0,62
685.2,62
685.4,63
685.6,63
685.8,63
686.0,63
686.2,63
686.4,63
686.6,63
686.8,63
687.0,63
687.2,63
687.4,63
687.6,63
687.8,63
688.0,63
688.2,63
688.4,63
688.6,63
688.8,62
689.0,63
689.2,63
689.4,63
689.6,64
689.8,64
690.0,64
690.2,64
690.4,64
690.6,64
690.8,64
691.0,64
691.2,64
691.4,64
691.6,64
691.8,64
692.0,64
692.2,64
692.4,64
692.6,64
692.8,64
693.0,64
693.2,64
693.4,64
693.6,64
693.8,64
694.0,64
694.2,64
694.4,64
694.6,64
694.8,64
695.0,64
695.2,64
695.4,64
695.6,64
695.8,64
696.0,64
696.2,64
696.4,64
696.6,64
696.8,64
697.0,64
697.2,64
697.4,64
697.6,64
697.8,64
698.0,64
698.2,64
698.4,64
698.6,64
698.8,64
699.0,64
699.2,64
699.4,64
699.6,64
699.8,64
700.0,64
700.2,64
700.4,64
700.6,64
700.8,64
701.0,64
701.2,64
701.4,64
701.6,64
701.8,64
702.0,64
702.2,64
702.4,64
702.6,64
702.8,64
703.0,64
703.2,64
703.4,64
703.6,64
703.8,64
704.0,64
704.2,65
704.4,65
704.6,65
704.8,65
705.0,65
705.2,65
705.4,65
705.6,65
705.8,65
706.0,65
706.2,65
706.4,65
706.6,65
706.8,65
707.0,65
707.2,65
707.4,65
707.6,65
707.8,65
708.0,65
708.2,65
708.4,65
708.6,65
708.8,65
709.0,65
709.2,65
709.4,65
709.6,65
709.8,65
710.0,65
710.2,65
710.4,65
710.6,65
710.8,65
711.0,65
711.2,65
711.4,65
711.6,65
711.8,65
712.0,65
712.2,65
712.4,66
712.6,66
712.8,66
713.0,66
713.2,66
713.4,66
713.6,66
713.8,66
714.0,66
714.2,66
714.4,66
714.6,66
714.8,66
715.0,66
715.2,66
715.4,66
715.6,66
715.8,66
716.0,66
716.2,66
716.4,66
716.6,66
716.8,66
717.0,67
717.2,67
717.4,67
717.6,67
717.8,67
718.0,67
718.2,67
718.4,67
718.6,67
718.8,67
719.0,67
719.2,67
719.4,67
719.6,67
719.8,67
720.0,67
720.2,67
720.4,67
720.6,67
720.8,68
721.0,68
721.2,68
721.4,68
721.6,68
721.8,68
722.0,68
722.2,67
722.4,67
722.6,67
722.8,67
723.0,67
723.2,67
723.4,67
723.6,67
723.8,67
724.0,67
724.2,67
724.4,67
724.6,67
724.8,67
725.0,67
725.2,67
725.4,67
725.6,67
725.8,67
726.0,67
726.2,67
726.4,67
726.6,67
726.8,67
727.0,67
727.2,67
727.4,67
727.6,67
727.8,67
728.0,67
728.2,67
728.4,67
728.6,67
728.8,67
729.0,67
729.2,67
729.4,67
729.6,67
729.8,67
730.0,67
730.2,67
730.4,67
730.6,66
730.8,66
731.0,67
731.2,67
731.4,67
731.6,67
731.8,67
732.0,67
732.2,67
732.4,67
732.6,67
732.8,67
733.0,67
733.2,68
733.4,68
733.6,68
733.8,68
734.0,68
734.2,68
734.4,68
734.6,68
734.8,68
735.0,69
735.2,69
735.4,69
735.6,69
735.8,69
736.0,69
736.2,69
736.4,69
736.6,69
736.8,69
737.0,69
737.2,69
737.4,69
737.6,69
737.8,69
738.0,69
738.2,69
738.4,69
738.6,69
738.8,70
739.0,70
739.2,70
739.4,70
739.6,70
739.8,70
740.0,70
740.2,70
740.4,70
740.6,70
740.8,70
741.0,70
741.2,70
741.4,70
741.6,70
741.8,70
742.0,70
742.2,70
742.4,70
742.6,70
742.8,70
743.0,70
743.2,70
743.4,70
743.6,70
743.8,70
744.0,70
744.2,70
744.4,70
744.6,70
744.8,70
745.0,70
745.2,70
745.4,70
745.6,70
745.8,70
746.0,70
746.2,70
746.4,70
746.6,70
746.8,70
747.0,70
747.2,70
747.4,70
747.6,70
747.8,70
748.0,70
748.2,70
748.4,70
748.6,70
748.8,70
749.0,70
749.2,70
749.4,70
749.6,70
749.8,70
750.0,70
750.2,70
750.4,70
750.6,70
750.8,70
751.0,70
751.2,70
751.4,70
751.6,70
751.8,70
752.0,70
752.2,70
752.4,70
752.6,70
752.8,70
753.0,70
753.2,70
753.4,70
753.6,70
753.8,70
754.0,70
754.2,70
754.4,70
754.6,70
754.8,70
755.0,70
755.2,70
755.4,70
755.6,70
755.8,70
756.0,70
756.2,70
756.4,70
756.6,70
756.8,70
757.0,70
757.2,70
757.4,70
757.6,70
757.8,70
758.0,70
758.2,70
758.4,70
758.6,70
758.8,70
759.0,70
759.2,70
759.4,70
759.6,70
759.8,70
760.0,70
760.2,70
760.4,70
760.6,70
760.8,70
761.0,70
761.2,70
761.4,70
761.6,70
761.8,70
762.0,70
762.2,70
762.4,70
762.6,70
762.8,70
763.0,70
763.2,70
763.4,70
763.6,70
763.8,70
764.0,70
764.2,70
764.4,70
764.6,70
764.8,70
765.0,70
765.2,70
765.4,70
765.6,70
765.8,70
766.0,70
766.2,70
766.4,70
766.6,70
766.8,70
767.0,70
767.2,70
767.4,70
767.6,70
767.8,70
768.0,70
768.2,70
768.4,70
768.6,70
768.8,70
769.0,70
769.2,70
769.4,70
769.6,70
769.8,70
770.0,70
770.2,70
770.4,70
770.6,70
770.8,70
771.0,70
771.2,70
771.4,70
771.6,70
771.8,70
772.0,70
772.2,70
772.4,70
772.6,70
772.8,70
773.0,70
773.2,70
773.4,70
773.6,70
773.8,70
774.0,70
774.2,70
774.4,70
774.6,70
774.8,70
775.0,70
775.2,70
775.4,70
775.6,70
775.8,70
776.0,70
776.2,70
776.4,70
776.6,70
776.8,70
777.0,70
777.2,70
777.4,70
777.6,70
777.8,70
778.0,70
778.2,70
778.4,70
778.6,70
778.8,70
779.0,70
779.2,70
779.4,70
779.6,70
779.8,70
780.0,70
780.2,70
780.4,70
780.6,70
780.8,70
781.0,70
781.2,70
781.4,70
781.6,70
781.8,70
782.0,70
782.2,71
782.4,71
782.6,71
782.8,71
783.0,71
783.2,71
783.4,71
783.6,71
783.8,71
784.0,71
784.2,71
784.4,71
784.6,72
784.8,72
785.0,72
785.2,72
785.4,72
785.6,72
785.8,72
786.0,72
786.2,72
786.4,72
786.6,72
786.8,72
787.0,72
787.2,72
787.4,72
787.6,72
787.8,72
788.0,72
788.2,73
788.4,73
788.6,73
788.8,73
789.0,73
789.2,73
789.4,73
789.6,73
789.8,73
790.0,73
790.2,73
790.4,73
790.6,73
790.8,73
791.0,73
791.2,73
791.4,73
791.6,74
791.8,74
792.0,74
792.2,74
792.4,74
792.6,74
792.8,74
793.0,74
793.2,74
793.4,74
793.6,74
793.8,74
794.0,74
794.2,74
794.4,74
794.6,74
794.8,74
795.0,75
795.2,76
795.4,76
795.6,76
795.8,76
796.0,76
796.2,76
796.4,76
796.6,76
796.8,76
797.0,76
797.2,76
797.4,76
797.6,76
797.8,76
798.0,76
798.2,76
798.4,76
798.6,76
798.8,77
799.0,77
799.2,77
799.4,77
799.6,77
799.8,77
800.0,77
800.2,77
800.4,77
800.6,77
800.8,77
801.0,77
801.2,77
801.4,77
801.6,77
801.8,77
802.0,77
802.2,77
802.4,77
802.6,77
802.8,77
803.0,77
803.2,77
803.4,77
803.6,77
803.8,77
804.0,77
804.2,77
804.4,77
804.6,77
804.8,77
805.0,77
805.2,77
805.4,77
805.6,77
805.8,77
806.0,77
806.2,77
806.4,77
806.6,77
806.8,77
807.0,77
807.2,77
807.4,77
807.6,77
807.8,77
808.0,77
808.2,77
808.4,77
808.6,77
808.8,77
809.0,77
809.2,77
809.4,77
809.6,77
809.8,77
810.0,77
810.2,77
810.4,77
810.6,77
810.8,77
811.0,77
811.2,77
811.4,77
811.6,77
811.8,77
812.0,77
812.2,77
812.4,77
812.6,78
812.8,78
813.0,79
813.2,79
813.4,79
813.6,79
813.8,79
814.0,79
814.2,79
814.4,79
814.6,79
814.8,79
815.0,79
815.2,79
815.4,79
815.6,79
815.8,79
816.0,79
816.2,79
816.4,79
816.6,79
816.8,79
817.0,79
817.2,79
817.4,79
817.6,79
817.8,79
818.0,79
818.2,79
818.4,79
818.6,79
818.8,79
819.0,79
819.2,79
819.4,79
819.6,79
819.8,79
820.0,79
820.2,79
820.4,79
820.6,79
820.8,79
821.0,80
821.2,80
821.4,80
821.6,80
821.8,80
822.0,80
822.2,80
822.4,80
822.6,80
822.8,80
823.0,80
823.2,80
823.4,80
823.6,80
823.8,80
824.0,80
824.2,80
824.4,80
824.6,80
824.8,80
825.0,80
825.2,80
825.4,80
825.6,80
825.8,80
826.0,80
826.2,80
826.4,80
826.6,80
826.8,80
827.0,80
827.2,80
827.4,80
827.6,80
827.8,80
828.0,80
828.2,80
828.4,80
828.6,80
828.8,80
829.0,80
829.2,80
829.4,80
829.6,80
829.8,80
830.0,80
830.2,80
830.4,80
830.6,80
830.8,80
831.0,80
831.2,80
831.4,80
831.6,80
831.8,80
832.0,80
832.2,80
832.4,80
832.6,80
832.8,80
833.0,80
833.2,80
833.4,80
833.6,80
833.8,80
834.0,80
834.2,80
834.4,80
834.6,80
834.8,80
835.0,80
835.2,80
835.4,80
835.6,80
835.8,80
836.0,80
836.2,80
836.4,80
836.6,80
836.8,80
837.0,80
837.2,80
837.4,80
837.6,80
837.8,80
838.0,80
838.2,80
838.4,80
838.6,80
838.8,80
839.0,80
839.2,80
839.4,80
839.6,80
839.8,80
840.0,80
840.2,80
840.4,80
840.6,80
840.8,80
841.0,80
841.2,80
841.4,80
841.6,80
841.8,80
842.0,80
842.2,80
842.4,80
842.6,80
842.8,80
843.0,80
843.2,80
843.4,80
843.6,80
843.8,80
844.0,80
844.2,80
844.4,80
844.6,80
844.8,80
845.0,80
845.2,80
845.4,80
845.6,80
845.8,80
846.0,80
846.2,80
846.4,80
846.6,80
846.8,80
847.0,81
847.2,81
847.4,81
847.6,81
847.8,81
848.0,81
848.2,81
848.4,81
848.6,81
848.8,81
849.0,81
849.2,81
849.4,81
849.6,81
849.8,81
850.0,81
850.2,80
850.4,80
850.6,80
850.8,80
851.0,79
851.2,79
851.4,80
851.6,81
851.8,81
852.0,82
852.2,82
852.4,82
852.6,82
852.8,82
853.0,82
853.2,82
853.4,82
853.6,82
853.8,82
854.0,82
854.2,82
854.4,83
854.6,83
854.8,83
855.0,83
855.2,83
855.4,83
855.6,83
855.8,83
856.0,83
856.2,83
856.4,83
856.6,83
856.8,83
857.0,83
857.2,83
857.4,83
857.6,83
857.8,83
858.0,83
858.2,83
858.4,83
858.6,83
858.8,83
859.0,83
859.2,83
859.4,83
859.6,83
859.8,83
860.0,84
860.2,84
860.4,84
860.6,84
860.8,84
861.0,84
861.2,84
861.4,84
861.6,84
861.8,84
862.0,84
862.2,84
862.4,84
862.6,84
862.8,84
863.0,84
863.2,84
863.4,84
863.6,84
863.8,85
864.0,85
864.2,85
864.4,85
864.6,85
864.8,85
865.0,85
865.2,85
865.4,85
865.6,85
865.8,85
866.0,85
866.2,86
866.4,86
866.6,86
866.8,86
867.0,86
867.2,86
867.4,85
867.6,85
867.8,85
868.0,86
868.2,86
868.4,86
868.6,86
868.8,86
869.0,86
869.2,86
869.4,86
869.6,86
869.8,86
870.0,87
870.2,87
870.4,87
870.6,86
870.8,86
871.0,86
871.2,86
871.4,86
871.6,86
871.8,86
872.0,86
872.2,86
872.4,86
872.6,86
872.8,86
873.0,86
873.2,86
873.4,86
873.6,86
873.8,86
874.0,87
874.2,87
874.4,87
874.6,87
874.8,87
875.0,88
875.2,88
875.4,88
875.6,88
875.8,88
876.0,88
876.2,88
876.4,88
876.6,88
876.8,88
877.0,88
877.2,88
877.4,88
877.6,88
877.8,87
878.0,87
878.2,87
878.4,87
878.6,87
878.8,87
879.0,87
879.2,87
879.4,87
879.6,87
879.8,87
880.0,87
880.2,87
880.4,87
880.6,87
880.8,87
881.0,87
881.2,87
881.4,87
881.6,87
881.8,87
882.0,87
882.2,87
882.4,87
882.6,87
882.8,87
883.0,87
883.2,87
883.4,87
883.6,87
883.8,87
884.0,87
884.2,87
884.4,87
884.6,87
884.8,87
885.0,87
885.2,88
885.4,88
885.6,88
885.8,88
886.0,88
886.2,88
886.4,88
886.6,88
886.8,88
887.0,88
887.2,88
887.4,88
887.6,88
887.8,88
888.0,88
888.2,88
888.4,88
888.6,88
888.8,88
889.0,88
889.2,88
889.4,88
889.6,88
889.8,88
890.0,88
890.2,87
890.4,87
890.6,87
890.8,88
891.0,88
891.2,88
891.4,87
891.6,87
891.8,88
892.0,89
892.2,89
892.4,89
892.6,89
892.8,89
893.0,89
893.2,89
893.4,89
893.6,89
893.8,89
894.0,89
894.2,89
894.4,89
894.6,89
894.8,89
895.0,89
895.2,89
895.4,89
895.6,88
895.8,88
896.0,89
896.2,89
896.4,89
896.6,89
896.8,89
897.0,89
897.2,89
897.4,89
897.6,89
897.8,89
898.0,89
898.2,89
898.4,89
898.6,89
898.8,89
899.0,89
899.2,88
899.4,88
899.6,88
899.8,88
900.0,88
900.2,87
900.4,87
900.6,87
900.8,87
901.0,87
901.2,87
901.4,87
901.6,87
901.8,87
902.0,87
902.2,87
902.4,87
902.6,87
902.8,87
903.0,87
903.2,87
903.4,87
903.6,87
903.8,87
904.0,87
904.2,87
904.4,87
904.6,87
904.8,87
905.0,87
905.2,86
905.4,86
905.6,86
905.8,86
906.0,86
906.2,86
906.4,86
906.6,86
906.8,86
907.0,86
907.2,86
907.4,86
907.6,86
907.8,86
908.0,86
908.2,86
908.4,86
908.6,86
908.8,86
909.0,86
909.2,86
909.4,86
909.6,86
909.8,85
910.0,85
910.2,85
910.4,85
910.6,85
910.8,85
911.0,86
911.2,86
911.4,84
911.6,84
911.8,84
912.0,84
912.2,84
912.4,84
912.6,84
912.8,84
913.0,84
913.2,84
913.4,84
913.6,84
913.8,84
914.0,84
914.2,84
914.4,84
914.6,84
914.8,84
915.0,84
915.2,84
915.4,84
915.6,84
915.8,84
916.0,84
916.2,84
916.4,84
916.6,84
916.8,84
917.0,84
917.2,84
917.4,84
917.6,84
917.8,83
918.0,83
918.2,84
918.4,84
918.6,84
918.8,84
919.0,84
919.2,84
919.4,84
919.6,84
919.8,84
920.0,84
920.2,84
920.4,84
920.6,84
920.8,84
921.0,84
921.2,84
921.4,84
921.6,84
921.8,84
922.0,83
922.2,83
922.4,83
922.6,83
922.8,84
923.0,84
923.2,84
923.4,84
923.6,83
923.8,83
924.0,84
924.2,84
924.4,84
924.6,84
924.8,84
925.0,84
925.2,84
925.4,84
925.6,84
925.8,84
926.0,84
926.2,84
926.4,84
926.6,84
926.8,84
927.0,84
927.2,84
927.4,84
927.6,84
927.8,84
928.0,84
928.2,84
928.4,84
928.6,84
928.8,84
929.0,84
929.2,84
929.4,85
929.6,85
929.8,84
930.0,84
930.2,84
930.4,84
930.6,84
930.8,84
931.0,84
931.2,84
931.4,84
931.6,84
931.8,84
932.0,84
932.2,84
932.4,84
932.6,84
932.8,84
933.0,83
933.2,83
933.4,83
933.6,83
933.8,83
934.0,83
934.2,83
934.4,83
934.6,83
934.8,83
935.0,83
935.2,84
935.4,84
935.6,84
935.8,84
936.0,83
936.2,83
936.4,83
936.6,83
936.8,83
937.0,83
937.2,82
937.4,82
937.6,82
937.8,82
938.0,82
938.2,82
938.4,82
938.6,82
938.8,82
939.0,82
939.2,82
939.4,82
939.6,82
939.8,82
940.0,82
940.2,82
940.4,82
940.6,82
940.8,82
941.0,83
941.2,83
941.4,83
941.6,83
941.8,82
942.0,82
942.2,82
942.4,82
942.6,82
942.8,82
943.0,82
943.2,82
943.4,82
943.6,82
943.8,83
944.0,83
944.2,83
944.4,82
944.6,82
944.8,82
945.0,82
945.2,82
945.4,82
945.6,83
945.8,83
946.0,83
946.2,83
946.4,83
946.6,83
946.8,83
947.0,83
947.2,83
947.4,82
947.6,82
947.8,82
948.0,83
948.2,83
948.4,83
948.6,83
948.8,83
949.0,83
949.2,83
949.4,83
949.6,83
949.8,83
950.0,83
950.2,83
950.4,83
950.6,83
950.8,83
951.0,83
951.2,83
951.4,83
951.6,83
951.8,83
952.0,83
952.2,83
952.4,83
952.6,83
952.8,83
953.0,83
953.2,83
953.4,83
953.6,83
953.8,83
954.0,83
954.2,83
954.4,83
954.6,83
954.8,83
955.0,83
955.2,83
955.4,83
955.6,83
955.8,83
956.0,83
956.2,83
956.4,83
956.6,83
956.8,83
957.0,83
957.2,83
957.4,83
957.6,83
957.8,83
958.0,83
958.2,83
958.4,83
958.6,83
958.8,83
959.0,83
959.2,83
959.4,83
959.6,83
959.8,83
960.0,83
960.2,83
960.4,83
960.6,83
960.8,83
961.0,83
961.2,84
961.4,84
961.6,84
961.8,84
962.0,84
962.2,85
962.4,85
962.6,85
962.8,85
963.0,85
963.2,85
963.4,85
963.6,85
963.8,84
964.0,84
964.2,84
964.4,84
964.6,85
964.8,85
965.0,85
965.2,85
965.4,85
965.6,85
965.8,85
966.0,85
966.2,85
966.4,85
966.6,85
966.8,85
967.0,85
967.2,85
967.4,85
967.6,85
967.8,85
968.0,85
968.2,85
968.4,85
968.6,85
968.8,85
969.0,85
969.2,85
969.4,86
969.6,86
969.8,86
970.0,86
970.2,86
970.4,86
970.6,86
970.8,86
971.0,86
971.2,85
971.4,85
971.6,86
971.8,86
972.0,86
972.2,86
972.4,86
972.6,86
972.8,86
973.0,86
973.2,86
973.4,86
973.6,86
973.8,86
974.0,86
974.2,86
974.4,86
974.6,86
974.8,86
975.0,86
975.2,86
975.4,86
975.6,86
975.8,86
976.0,86
976.2,86
976.4,86
976.6,86
976.8,86
977.0,86
977.2,86
977.4,86
977.6,86
977.8,86
978.0,86
978.2,86
978.4,86
978.6,86
978.8,86
979.0,86
979.2,86
979.4,86
979.6,86
979.8,86
980.0,86
980.2,86
980.4,86
980.6,86
980.8,86
981.0,86
981.2,86
981.4,86
981.6,86
981.8,86
982.0,86
982.2,86
982.4,86
982.6,86
982.8,86
983.0,86
983.2,86
983.4,86
983.6,86
983.8,86
984.0,86
984.2,86
984.4,86
984.6,86
984.8,86
985.0,86
985.2,86
985.4,86
985.6,86
985.8,86
986.0,87
986.2,87
986.4,87
986.6,87
986.8,87
987.0,87
987.2,87
987.4,87
987.6,87
987.8,87
988.0,87
988.2,87
988.4,87
988.6,87
988.8,87
989.0,87
989.2,88
989.4,88
989.6,88
989.8,88
990.0,88
990.2,88
990.4,88
990.6,88
990.8,88
991.0,88
991.2,88
991.4,88
991.6,88
991.8,88
992.0,88
992.2,88
992.4,88
992.6,88
992.8,88
993.0,88
993.2,88
993.4,88
993.6,88
993.8,88
994.0,88
994.2,88
994.4,88
994.6,88
994.8,88
995.0,88
995.2,88
995.4,88
995.6,88
995.8,88
996.0,88
996.2,88
996.4,88
996.6,88
996.8,88
997.0,88
997.2,88
997.4,88
997.6,88
997.8,88
998.0,88
998.2,88
998.4,88
998.6,88
998.8,88
999.0,88
999.2,88
999.4,87
999.6,87
999.8,87
1000.0,87
1000.2,87
1000.4,87
1000.6,87
1000.8,87
1001.0,87
1001.2,87
1001.4,87
1001.6,87
1001.8,87
1002.0,87
1002.2,87
1002.4,87
1002.6,87
1002.8,87
1003.0,87
1003.2,88
1003.4,88
1003.6,88
1003.8,88
1004.0,87
1004.2,87
1004.4,87
1004.6,87
1004.8,87
1005.0,87
1005.2,87
1005.4,87
1005.6,87
1005.8,87
1006.0,87
1006.2,87
1006.4,87
1006.6,87
1006.8,87
1007.0,87
1007.2,87
1007.4,87
1007.6,87
1007.8,87
1008.0,87
1008.2,87
1008.4,87
1008.6,87
1008.8,87
1009.0,87
1009.2,87
1009.4,87
1009.6,87
1009.8,87
1010.0,87
1010.2,87
1010.4,87
1010.6,87
1010.8,87
1011.0,86
1011.2,86
1011.4,86
1011.6,87
1011.8,88
1012.0,88
1012.2,88
1012.4,88
1012.6,88
1012.8,88
1013.0,87
1013.2,87
1013.4,87
1013.6,88
1013.8,88
1014.0,88
1014.2,88
1014.4,88
1014.6,88
1014.8,88
1015.0,88
1015.2,87
1015.4,86
1015.6,86
1015.8,86
1016.0,86
1016.2,86
1016.4,86
1016.6,86
1016.8,86
1017.0,86
1017.2,86
1017.4,86
1017.6,87
1017.8,87
1018.0,87
1018.2,87
1018.4,87
1018.6,87
1018.8,87
1019.0,87
1019.2,87
1019.4,87
1019.6,87
1019.8,87
1020.0,87
1020.2,87
1020.4,87
1020.6,87
1020.8,87
1021.0,87
1021.2,87
1021.4,87
1021.6,87
1021.8,87
1022.0,87
1022.2,87
1022.4,87
1022.6,87
1022.8,87
1023.0,87
1023.2,88
1023.4,88
1023.6,88
1023.8,88
1024.0,88
1024.2,88
1024.4,88
1024.6,88
1024.8,88
1025.0,88
1025.2,88
1025.4,89
1025.6,89
1025.8,89
1026.0,89
1026.2,89
1026.4,89
1026.6,89
1026.8,89
1027.0,89
1027.2,89
1027.4,89
1027.6,88
1027.8,89
1028.0,89
1028.2,89
1028.4,89
1028.6,89
1028.8,89
1029.0,89
1029.2,89
1029.4,89
1029.6,89
1029.8,89
1030.0,89
1030.2,89
1030.4,89
1030.6,89
1030.8,89
1031.0,89
1031.2,89
1031.4,89
1031.6,89
1031.8,89
1032.0,88
1032.2,88
1032.4,88
1032.6,88
1032.8,88
1033.0,88
1033.2,88
1033.4,87
1033.6,87
1033.8,87
1034.0,87
1034.2,87
1034.4,87
1034.6,87
1034.8,87
1035.0,87
1035.2,87
1035.4,87
1035.6,87
1035.8,87
1036.0,87
1036.2,87
1036.4,87
1036.6,87
1036.8,87
1037.0,87
1037.2,87
1037.4,87
1037.6,87
1037.8,87
1038.0,87
1038.2,87
1038.4,87
1038.6,87
1038.8,87
1039.0,87
1039.2,87
1039.4,87
1039.6,87
1039.8,87
1040.0,87
1040.2,87
1040.4,87
1040.6,87
1040.8,87
1041.0,87
1041.2,87
1041.4,87
1041.6,87
1041.8,87
1042.0,86
1042.2,86
1042.4,86
1042.6,86
1042.8,87
1043.0,87
1043.2,87
1043.4,87
1043.6,87
1043.8,87
1044.0,87
1044.2,87
1044.4,87
1044.6,87
1044.8,87
1045.0,87
1045.2,87
1045.4,87
1045.6,87
1045.8,87
1046.0,87
1046.2,87
1046.4,87
1046.6,87
1046.8,87
1047.0,87
1047.2,87
1047.4,87
1047.6,87
1047.8,87
1048.0,87
1048.2,87
1048.4,87
1048.6,87
1048.8,87
1049.0,87
1049.2,88
1049.4,88
1049.6,88
1049.8,88
1050.0,88
1050.2,88
1050.4,88
1050.6,88
1050.8,88
1051.0,88
1051.2,88
1051.4,88
1051.6,88
1051.8,88
1052.0,88
1052.2,88
1052.4,88
1052.6,88
1052.8,88
1053.0,88
1053.2,88
1053.4,88
1053.6,88
1053.8,88
1054.0,88
1054.2,88
1054.4,88
1054.6,88
1054.8,88
1055.0,88
1055.2,88
1055.4,88
1055.6,88
1055.8,88
1056.0,88
1056.2,88
1056.4,88
1056.6,88
1056.8,88
1057.0,88
1057.2,87
1057.4,87
1057.6,86
1057.8,85
1058.0,85
1058.2,85
1058.4,85
1058.6,85
1058.8,85
1059.0,85
1059.2,85
1059.4,85
1059.6,85
1059.8,85
1060.0,85
1060.2,85
1060.4,85
1060.6,85
1060.8,85
1061.0,85
1061.2,85
1061.4,85
1061.6,85
1061.8,85
1062.0,85
1062.2,85
1062.4,85
1062.6,85
1062.8,85
1063.0,85
1063.2,85
1063.4,85
1063.6,85
1063.8,85
1064.0,85
1064.2,85
1064.4,86
1064.6,86
1064.8,86
1065.0,86
1065.2,86
1065.4,86
1065.6,86
1065.8,86
1066.0,86
1066.2,86
1066.4,86
1066.6,86
1066.8,87
1067.0,87
1067.2,87
1067.4,87
1067.6,87
1067.8,87
1068.0,87
1068.2,87
1068.4,87
1068.6,87
1068.8,87
1069.0,87
1069.2,87
1069.4,87
1069.6,87
1069.8,87
1070.0,87
1070.2,87
1070.4,87
1070.6,87
1070.8,87
1071.0,87
1071.2,87
1071.4,87
1071.6,87
1071.8,87
1072.0,87
1072.2,87
1072.4,87
1072.6,87
1072.8,87
1073.0,87
1073.2,87
1073.4,87
1073.6,87
1073.8,87
1074.0,87
1074.2,87
1074.4,87
1074.6,87
1074.8,87
1075.0,87
1075.2,87
1075.4,87
1075.6,87
1075.8,87
1076.0,87
1076.2,87
1076.4,87
1076.6,87
1076.8,87
1077.0,87
1077.2,87
1077.4,87
1077.6,87
1077.8,87
1078.0,87
1078.2,87
1078.4,87
1078.6,87
1078.8,87
1079.0,87
1079.2,87
1079.4,87
1079.6,87
1079.8,87
1080.0,87
1080.2,87
1080.4,87
1080.6,87
1080.8,87
1081.0,87
1081.2,87
1081.4,87
1081.6,87
1081.8,87
1082.0,87
1082.2,87
1082.4,87
1082.6,87
1082.8,87
1083.0,87
1083.2,87
1083.4,87
1083.6,87
1083.8,87
1084.0,87
1084.2,87
1084.4,87
1084.6,87
1084.8,87
1085.0,87
1085.2,87
1085.4,87
1085.6,87
1085.8,87
1086.0,87
1086.2,87
1086.4,87
1086.6,87
1086.8,87
1087.0,87
1087.2,87
1087.4,87
1087.6,87
1087.8,87
1088.0,87
1088.2,87
1088.4,87
1088.6,87
1088.8,87
1089.0,87
1089.2,87
1089.4,87
1089.6,87
1089.8,87
1090.0,87
1090.2,87
1090.4,87
1090.6,87
1090.8,87
1091.0,87
1091.2,87
1091.4,87
1091.6,87
1091.8,87
1092.0,87
1092.2,87
1092.4,87
1092.6,87
1092.8,87
1093.0,87
1093.2,87
1093.4,87
1093.6,87
1093.8,87
1094.0,87
1094.2,87
1094.4,87
1094.6,87
1094.8,87
1095.0,87
1095.2,87
1095.4,87
1095.6,87
1095.8,87
1096.0,87
1096.2,87
1096.4,87
1096.6,87
1096.8,87
1097.0,87
1097.2,87
1097.4,87
1097.6,87
1097.8,87
1098.0,87
1098.2,87
1098.4,87
1098.6,87
1098.8,87
1099.0,87
1099.2,87
1099.4,87
1099.6,87
1099.8,87
1100.0,87
1100.2,87
1100.4,87
1100.6,87
1100.8,87
1101.0,87
1101.2,87
1101.4,87
1101.6,87
1101.8,87
1102.0,87
1102.2,87
1102.4,87
1102.6,87
1102.8,87
1103.0,87
1103.2,87
1103.4,87
1103.6,87
1103.8,87
1104.0,87
1104.2,87
1104.4,87
1104.6,87
1104.8,87
1105.0,87
1105.2,87
1105.4,87
1105.6,87
1105.8,87
1106.0,87
1106.2,87
1106.4,87
1106.6,87
1106.8,87
1107.0,87
1107.2,87
1107.4,87
1107.6,87
1107.8,87
1108.0,87
1108.2,87
1108.4,87
1108.6,87
1108.8,87
1109.0,87
1109.2,87
1109.4,87
1109.6,87
1109.8,87
1110.0,87
1110.2,87
1110.4,87
1110.6,87
1110.8,87
1111.0,87
1111.2,87
1111.4,87
1111.6,87
1111.8,87
1112.0,87
1112.2,87
1112.4,87
1112.6,87
1112.8,87
1113.0,87
1113.2,88
1113.4,88
1113.6,88
1113.8,88
1114.0,88
1114.2,88
1114.4,88
1114.6,88
1114.8,88
1115.0,88
1115.2,88
1115.4,88
1115.6,88
1115.8,88
1116.0,88
1116.2,88
1116.4,88
1116.6,88
1116.8,88
1117.0,88
1117.2,88
1117.4,88
1117.6,88
1117.8,88
1118.0,88
1118.2,88
1118.4,88
1118.6,88
1118.8,88
1119.0,88
1119.2,88
1119.4,88
1119.6,88
1119.8,88
1120.0,88
1120.2,88
1120.4,88
1120.6,88
1120.8,88
1121.0,88
1121.2,88
1121.4,88
1121.6,88
1121.8,88
1122.0,88
1122.2,88
1122.4,88
1122.6,88
1122.8,88
1123.0,88
1123.2,88
1123.4,88
1123.6,88
1123.8,88
1124.0,88
1124.2,88
1124.4,88
1124.6,88
1124.8,88
1125.0,88
1125.2,88
1125.4,88
1125.6,88
1125.8,88
1126.0,88
1126.2,88
1126.4,88
1126.6,88
1126.8,88
1127.0,88
1127.2,88
1127.4,88
1127.6,88
1127.8,88
1128.0,88
1128.2,88
1128.4,88
1128.6,88
1128.8,88
1129.0,88
1129.2,88
1129.4,88
1129.6,88
1129.8,88
1130.0,88
1130.2,89
1130.4,89
1130.6,89
1130.8,89
1131.0,89
1131.2,89
1131.4,89
1131.6,89
1131.8,89
1132.0,89
1132.2,89
1132.4,89
1132.6,89
1132.8,89
1133.0,89
1133.2,89
1133.4,89
1133.6,89
1133.8,89
1134.0,89
1134.2,89
1134.4,89
1134.6,89
1134.8,89
1135.0,89
1135.2,89
1135.4,89
1135.6,89
1135.8,89
1136.0,89
1136.2,89
1136.4,89
1136.6,89
1136.8,89
1137.0,89
1137.2,89
1137.4,89
1137.6,89
1137.8,89
1138.0,89
1138.2,89
1138.4,89
1138.6,89
1138.8,89
1139.0,89
1139.2,89
1139.4,89
1139.6,89
1139.8,89
1140.0,89
1140.2,89
1140.4,89
1140.6,89
1140.8,89
1141.0,89
1141.2,89
1141.4,89
1141.6,89
1141.8,89
1142.0,89
1142.2,89
1142.4,89
1142.6,89
1142.8,89
1143.0,89
1143.2,89
1143.4,89
1143.6,89
1143.8,89
1144.0,89
1144.2,89
1144.4,89
1144.6,89
1144.8,89
1145.0,89
1145.2,89
1145.4,89
1145.6,89
1145.8,89
1146.0,89
1146.2,89
1146.4,88
1146.6,88
1146.8,88
1147.0,88
1147.2,88
1147.4,88
1147.6,88
1147.8,88
1148.0,88
1148.2,88
1148.4,88
1148.6,88
1148.8,88
1149.0,88
1149.2,87
1149.4,87
1149.6,87
1149.8,87
1150.0,87
1150.2,87
1150.4,87
1150.6,87
1150.8,87
1151.0,87
1151.2,87
1151.4,87
1151.6,87
1151.8,87
1152.0,87
1152.2,86
1152.4,85
1152.6,86
1152.8,86
1153.0,86
1153.2,86
1153.4,86
1153.6,86
1153.8,86
1154.0,86
1154.2,86
1154.4,86
1154.6,86
1154.8,86
1155.0,86
1155.2,86
1155.4,86
1155.6,86
1155.8,86
1156.0,86
1156.2,86
1156.4,86
1156.6,86
1156.8,86
1157.0,86
1157.2,86
1157.4,86
1157.6,86
1157.8,86
1158.0,86
1158.2,86
1158.4,86
1158.6,86
1158.8,86
1159.0,86
1159.2,86
1159.4,86
1159.6,86
1159.8,86
1160.0,86
1160.2,86
1160.4,86
1160.6,86
1160.8,86
1161.0,86
1161.2,86
1161.4,86
1161.6,86
1161.8,86
1162.0,86
1162.2,86
1162.4,86
1162.6,86
1162.8,86
1163.0,86
1163.2,86
1163.4,86
1163.6,86
1163.8,86
1164.0,86
1164.2,86
1164.4,86
1164.6,86
1164.8,86
1165.0,86
1165.2,86
1165.4,85
1165.6,85
1165.8,85
1166.0,85
1166.2,85
1166.4,85
1166.6,85
1166.8,85
1167.0,85
1167.2,85
1167.4,85
1167.6,85
1167.8,85
1168.0,85
1168.2,85
1168.4,85
1168.6,85
1168.8,85
1169.0,85
1169.2,85
1169.4,85
1169.6,85
1169.8,85
1170.0,85
1170.2,85
1170.4,85
1170.6,85
1170.8,85
1171.0,85
1171.2,85
1171.4,85
1171.6,85
1171.8,85
1172.0,85
1172.2,85
1172.4,85
1172.6,85
1172.8,85
1173.0,85
1173.2,85
1173.4,85
1173.6,85
1173.8,85
1174.0,85
1174.2,86
1174.4,86
1174.6,86
1174.8,86
1175.0,86
1175.2,86
1175.4,86
1175.6,86
1175.8,86
1176.0,86
1176.2,87
1176.4,87
1176.6,87
1176.8,87
1177.0,87
1177.2,87
1177.4,87
1177.6,87
1177.8,87
1178.0,87
1178.2,87
1178.4,87
1178.6,87
1178.8,87
1179.0,87
1179.2,87
1179.4,87
1179.6,87
1179.8,87
1180.0,87
1180.2,87
1180.4,87
1180.6,87
1180.8,87
1181.0,87
1181.2,87
1181.4,87
1181.6,87
1181.8,87
1182.0,87
1182.2,87
1182.4,87
1182.6,87
1182.8,87
1183.0,87
1183.2,87
1183.4,87
1183.6,87
1183.8,87
1184.0,87
1184.2,87
1184.4,87
1184.6,87
1184.8,87
1185.0,87
1185.2,87
1185.4,87
1185.6,87
1185.8,87
1186.0,87
1186.2,87
1186.4,87
1186.6,87
1186.8,87
1187.0,87
1187.2,87
1187.4,87
1187.6,87
1187.8,87
1188.0,87
1188.2,87
1188.4,87
1188.6,87
1188.8,87
1189.0,87
1189.2,87
1189.4,87
1189.6,87
1189.8,87
1190.0,87
1190.2,87
1190.4,87
1190.6,87
1190.8,87
1191.0,87
1191.2,87
1191.4,87
1191.6,87
1191.8,87
1192.0,87
1192.2,87
1192.4,87
1192.6,87
1192.8,87
1193.0,87
1193.2,87
1193.4,87
1193.6,87
1193.8,87
1194.0,87
1194.2,87
1194.4,87
1194.6,87
1194.8,87
1195.0,87
1195.2,87
1195.4,87
1195.6,87
1195.8,87
1196.0,87
1196.2,87
1196.4,87
1196.6,87
1196.8,87
1197.0,87
1197.2,87
1197.4,87
1197.6,87
1197.8,87
1198.0,87
1198.2,87
1198.4,87
1198.6,87
1198.8,87
1199.0,87
1199.2,87
1199.4,87
1199.6,87
1199.8,87
1200.0,87
1200.2,87
1200.4,87
1200.6,87
1200.8,87
1201.0,87
1201.2,87
1201.4,87
1201.6,87
1201.8,87
1202.0,87
1202.2,87
1202.4,87
1202.6,87
1202.8,87
1203.0,87
1203.2,87
1203.4,87
1203.6,87
1203.8,87
1204.0,87
1204.2,87
1204.4,86
1204.6,86
1204.8,86
1205.0,86
1205.2,86
1205.4,86
1205.6,86
1205.8,86
1206.0,86
1206.2,86
1206.4,86
1206.6,86
1206.8,86
1207.0,86
1207.2,86
1207.4,86
1207.6,86
1207.8,86
1208.0,86
1208.2,86
1208.4,86
1208.6,86
1208.8,86
1209.0,86
1209.2,86
1209.4,86
1209.6,86
1209.8,86
1210.0,86
1210.2,86
1210.4,86
1210.6,86
1210.8,86
1211.0,86
1211.2,86
1211.4,86
1211.6,86
1211.8,86
1212.0,87
1212.2,87
1212.4,87
1212.6,87
1212.8,87
1213.0,87
1213.2,87
1213.4,87
1213.6,87
1213.8,87
1214.0,88
1214.2,88
1214.4,88
1214.6,88
1214.8,88
1215.0,88
1215.2,88
1215.4,88
1215.6,88
1215.8,88
1216.0,88
1216.2,88
1216.4,88
1216.6,88
1216.8,88
1217.0,88
1217.2,88
1217.4,88
1217.6,89
1217.8,89
1218.0,89
1218.2,89
1218.4,89
1218.6,89
1218.8,89
1219.0,89
1219.2,89
1219.4,89
1219.6,89
1219.8,89
1220.0,89
1220.2,89
1220.4,89
1220.6,89
1220.8,89
1221.0,89
1221.2,89
1221.4,89
1221.6,89
1221.8,89
1222.0,89
1222.2,89
1222.4,89
1222.6,89
1222.8,89
1223.0,89
1223.2,89
1223.4,89
1223.6,89
1223.8,89
1224.0,89
1224.2,89
1224.4,89
1224.6,89
1224.8,90
1225.0,90
1225.2,90
1225.4,90
1225.6,90
1225.8,90
1226.0,89
1226.2,89
1226.4,89
1226.6,90
1226.8,90
1227.0,90
1227.2,90
1227.4,90
1227.6,90
1227.8,90
1228.0,90
1228.2,90
1228.4,90
1228.6,90
1228.8,90
1229.0,90
1229.2,90
1229.4,90
1229.6,90
1229.8,90
1230.0,90
1230.2,90
1230.4,90
1230.6,90
1230.8,90
1231.0,90
1231.2,90
1231.4,90
1231.6,90
1231.8,90
1232.0,90
1232.2,90
1232.4,90
1232.6,90
1232.8,90
1233.0,90
1233.2,90
1233.4,90
1233.6,90
1233.8,90
1234.0,90
1234.2,90
1234.4,90
1234.6,90
1234.8,90
1235.0,89
1235.2,89
1235.4,89
1235.6,89
1235.8,89
1236.0,89
1236.2,89
1236.4,89
1236.6,89
1236.8,89
1237.0,89
1237.2,89
1237.4,89
1237.6,89
1237.8,89
1238.0,89
1238.2,89
1238.4,89
1238.6,89
1238.8,89
1239.0,89
1239.2,89
1239.4,89
1239.6,89
1239.8,89
1240.0,89
1240.2,89
1240.4,89
1240.6,89
1240.8,89
1241.0,89
1241.2,89
1241.4,89
1241.6,89
1241.8,89
1242.0,89
1242.2,89
1242.4,89
1242.6,89
1242.8,89
1243.0,89
1243.2,89
1243.4,90
1243.6,90
1243.8,90
1244.0,90
1244.2,90
1244.4,90
1244.6,90
1244.8,90
1245.0,90
1245.2,90
1245.4,90
1245.6,90
1245.8,90
1246.0,90
1246.2,90
1246.4,90
1246.6,90
1246.8,90
1247.0,90
1247.2,90
1247.4,89
1247.6,89
1247.8,89
1248.0,90
1248.2,89
1248.4,89
1248.6,89
1248.8,89
1249.0,89
1249.2,89
1249.4,89
1249.6,89
1249.8,89
1250.0,89
1250.2,89
1250.4,89
1250.6,89
1250.8,88
1251.0,88
1251.2,88
1251.4,89
1251.6,89
1251.8,89
1252.0,89
1252.2,89
1252.4,89
1252.6,89
1252.8,89
1253.0,89
1253.2,89
1253.4,89
1253.6,89
1253.8,89
1254.0,89
1254.2,89
1254.4,89
1254.6,89
1254.8,89
1255.0,89
1255.2,89
1255.4,89
1255.6,89
1255.8,89
1256.0,89
1256.2,89
1256.4,89
1256.6,89
1256.8,88
1257.0,88
1257.2,88
1257.4,88
1257.6,87
1257.8,87
1258.0,87
1258.2,87
1258.4,87
1258.6,87
1258.8,87
1259.0,87
1259.2,87
1259.4,87
1259.6,87
1259.8,86
1260.0,86
1260.2,86
1260.4,86
1260.6,86
1260.8,86
1261.0,86
1261.2,86
1261.4,86
1261.6,85
1261.8,85
1262.0,85
1262.2,85
1262.4,85
1262.6,85
1262.8,85
1263.0,85
1263.2,84
1263.4,84
1263.6,84
1263.8,83
1264.0,83
1264.2,83
1264.4,83
1264.6,83
1264.8,84
1265.0,84
1265.2,84
1265.4,84
1265.6,83
1265.8,83
1266.0,83
1266.2,83
1266.4,83
1266.6,83
1266.8,83
1267.0,83
1267.2,83
1267.4,83
1267.6,83
1267.8,83
1268.0,83
1268.2,83
1268.4,83
1268.6,82
1268.8,82
1269.0,82
1269.2,82
1269.4,82
1269.6,82
1269.8,82
1270.0,82
1270.2,83
1270.4,82
1270.6,82
1270.8,82
1271.0,82
1271.2,82
1271.4,82
1271.6,82
1271.8,82
1272.0,82
1272.2,82
1272.4,81
1272.6,81
1272.8,81
1273.0,81
1273.2,81
1273.4,81
1273.6,81
1273.8,81
1274.0,81
1274.2,81
1274.4,81
1274.6,81
1274.8,81
1275.0,81
1275.2,81
1275.4,81
1275.6,81
1275.8,81
1276.0,81
1276.2,81
1276.4,81
1276.6,81
1276.8,81
1277.0,81
1277.2,81
1277.4,81
1277.6,81
1277.8,81
1278.0,81
1278.2,80
1278.4,80
1278.6,80
1278.8,80
1279.0,80
1279.2,80
1279.4,80
1279.6,80
1279.8,80
1280.0,80
1280.2,80
1280.4,80
1280.6,80
1280.8,80
1281.0,80
1281.2,80
1281.4,80
1281.6,80
1281.8,80
1282.0,80
1282.2,80
1282.4,80
1282.6,80
1282.8,80
1283.0,80
1283.2,80
1283.4,79
1283.6,79
1283.8,79
1284.0,79
1284.2,79
1284.4,78
1284.6,78
1284.8,79
1285.0,79
1285.2,79
1285.4,79
1285.6,79
1285.8,79
1286.0,79
1286.2,79
1286.4,79
1286.6,79
1286.8,79
1287.0,79
1287.2,79
1287.4,79
1287.6,79
1287.8,78
1288.0,78
1288.2,78
1288.4,78
1288.6,78
1288.8,78
1289.0,78
1289.2,78
1289.4,78
1289.6,78
1289.8,78
1290.0,78
1290.2,78
1290.4,78
1290.6,78
1290.8,78
1291.0,78
1291.2,78
1291.4,78
1291.6,78
1291.8,78
1292.0,78
1292.2,78
1292.4,78
1292.6,78
1292.8,78
1293.0,78
1293.2,78
1293.4,78
1293.6,78
1293.8,78
1294.0,78
1294.2,78
1294.4,78
1294.6,78
1294.8,78
1295.0,78
1295.2,78
1295.4,78
1295.6,78
1295.8,78
1296.0,78
1296.2,78
1296.4,78
1296.6,78
1296.8,78
1297.0,78
1297.2,78
1297.4,78
1297.6,78
1297.8,78
1298.0,78
1298.2,78
1298.4,78
1298.6,78
1298.8,78
1299.0,78
1299.2,78
1299.4,78
1299.6,79
1299.8,79
1300.0,79
1300.2,79
1300.4,79
1300.6,79
1300.8,79
1301.0,79
1301.2,79
1301.4,79
1301.6,79
1301.8,79
1302.0,79
1302.2,79
1302.4,79
1302.6,79
1302.8,79
1303.0,79
1303.2,80
1303.4,80
1303.6,80
1303.8,80
1304.0,80
1304.2,80
1304.4,80
1304.6,80
1304.8,80
1305.0,80
1305.2,80
1305.4,80
1305.6,80
1305.8,80
1306.0,80
1306.2,80
1306.4,80
1306.6,80
1306.8,80
1307.0,80
1307.2,80
1307.4,80
1307.6,80
1307.8,80
1308.0,80
1308.2,80
1308.4,79
1308.6,79
1308.8,79
1309.0,79
1309.2,79
1309.4,79
1309.6,79
1309.8,79
1310.0,79
1310.2,79
1310.4,79
1310.6,79
1310.8,79
1311.0,79
1311.2,79
1311.4,79
1311.6,79
1311.8,79
1312.0,79
1312.2,79
1312.4,79
1312.6,79
1312.8,79
1313.0,79
1313.2,79
1313.4,79
1313.6,79
1313.8,79
1314.0,79
1314.2,79
1314.4,79
1314.6,79
1314.8,79
1315.0,79
1315.2,79
1315.4,79
1315.6,79
1315.8,79
1316.0,79
1316.2,79
1316.4,79
1316.6,79
1316.8,79
1317.0,79
1317.2,79
1317.4,79
1317.6,79
1317.8,79
1318.0,79
1318.2,79
1318.4,79
1318.6,79
1318.8,79
1319.0,79
1319.2,79
1319.4,79
1319.6,79
1319.8,79
1320.0,79
1320.2,79
1320.4,79
1320.6,79
1320.8,80
1321.0,80
1321.2,80
1321.4,80
1321.6,80
1321.8,80
1322.0,80
1322.2,79
1322.4,79
1322.6,79
1322.8,79
1323.0,79
1323.2,79
1323.4,79
1323.6,79
1323.8,79
1324.0,79
1324.2,79
1324.4,79
1324.6,79
1324.8,79
1325.0,79
1325.2,79
1325.4,79
1325.6,79
1325.8,79
1326.0,79
1326.2,79
1326.4,79
1326.6,79
1326.8,79
1327.0,79
1327.2,79
1327.4,79
1327.6,79
1327.8,79
1328.0,79
1328.2,79
1328.4,79
1328.6,79
1328.8,78
1329.0,79
1329.2,79
1329.4,79
1329.6,79
1329.8,79
1330.0,79
1330.2,79
1330.4,79
1330.6,79
1330.8,79
1331.0,79
1331.2,79
1331.4,78
1331.6,78
1331.8,78
1332.0,78
1332.2,78
1332.4,78
1332.6,78
1332.8,78
1333.0,78
1333.2,78
1333.4,78
1333.6,78
1333.8,78
1334.0,78
1334.2,78
1334.4,78
1334.6,78
1334.8,78
1335.0,78
1335.2,78
1335.4,78
1335.6,78
1335.8,78
1336.0,78
1336.2,78
1336.4,78
1336.6,78
1336.8,78
1337.0,78
1337.2,78
1337.4,78
1337.6,78
1337.8,78
1338.0,78
1338.2,78
1338.4,78
1338.6,78
1338.8,78
1339.0,78
1339.2,78
1339.4,78
1339.6,78
1339.8,79
1340.0,79
1340.2,79
1340.4,79
1340.6,79
1340.8,79
1341.0,79
1341.2,79
1341.4,79
1341.6,79
1341.8,79
1342.0,79
1342.2,79
1342.4,79
1342.6,79
1342.8,79
1343.0,80
1343.2,80
1343.4,80
1343.6,80
1343.8,80
1344.0,80
1344.2,80
1344.4,80
1344.6,80
1344.8,80
1345.0,80
1345.2,80
1345.4,80
1345.6,80
1345.8,80
1346.0,80
1346.2,80
1346.4,80
1346.6,80
1346.8,80
1347.0,80
1347.2,79
1347.4,79
1347.6,79
1347.8,79
1348.0,79
1348.2,79
1348.4,79
1348.6,79
1348.8,79
1349.0,79
1349.2,79
1349.4,79
1349.6,79
1349.8,79
1350.0,79
1350.2,79
1350.4,79
1350.6,79
1350.8,79
1351.0,79
1351.2,79
1351.4,79
1351.6,79
1351.8,79
1352.0,79
1352.2,79
1352.4,79
1352.6,79
1352.8,79
1353.0,79
1353.2,79
1353.4,79
1353.6,79
1353.8,79
1354.0,79
1354.2,79
1354.4,79
1354.6,79
1354.8,79
1355.0,79
1355.2,79
1355.4,79
1355.6,79
1355.8,79
1356.0,79
1356.2,79
1356.4,79
1356.6,79
1356.8,79
1357.0,79
1357.2,79
1357.4,79
1357.6,79
1357.8,79
1358.0,79
1358.2,79
1358.4,79
1358.6,79
1358.8,79
1359.0,79
1359.2,79
1359.4,79
1359.6,79
1359.8,78
1360.0,78
1360.2,78
1360.4,78
1360.6,78
1360.8,78
1361.0,78
1361.2,78
1361.4,78
1361.6,78
1361.8,78
1362.0,78
1362.2,78
1362.4,78
1362.6,78
1362.8,78
1363.0,78
1363.2,78
1363.4,78
1363.6,78
1363.8,78
1364.0,78
1364.2,78
1364.4,78
1364.6,78
1364.8,78
1365.0,78
1365.2,78
1365.4,78
1365.6,78
1365.8,78
1366.0,78
1366.2,78
1366.4,78
1366.6,78
1366.8,78
1367.0,78
1367.2,78
1367.4,78
1367.6,78
1367.8,78
1368.0,78
1368.2,78
1368.4,79
1368.6,79
1368.8,79
1369.0,79
1369.2,79
1369.4,79
1369.6,79
1369.8,79
1370.0,79
1370.2,79
1370.4,79
1370.6,79
1370.8,79
1371.0,79
1371.2,79
1371.4,79
1371.6,79
1371.8,79
1372.0,79
1372.2,79
1372.4,79
1372.6,79
1372.8,79
1373.0,79
1373.2,79
1373.4,79
1373.6,79
1373.8,79
1374.0,80
1374.2,80
1374.4,80
1374.6,80
1374.8,80
1375.0,80
1375.2,80
1375.4,80
1375.6,80
1375.8,80
1376.0,80
1376.2,80
1376.4,80
1376.6,80
1376.8,80
1377.0,80
1377.2,80
1377.4,80
1377.6,80
1377.8,80
1378.0,80
1378.2,80
1378.4,80
1378.6,80
1378.8,80
1379.0,80
1379.2,80
1379.4,80
1379.6,80
1379.8,80
1380.0,80
1380.2,80
1380.4,80
1380.6,80
1380.8,80
1381.0,80
1381.2,80
1381.4,80
1381.6,80
1381.8,80
1382.0,80
1382.2,80
1382.4,80
1382.6,80
1382.8,80
1383.0,80
1383.2,80
1383.4,80
1383.6,80
1383.8,80
1384.0,80
1384.2,80
1384.4,80
1384.6,80
1384.8,80
1385.0,80
1385.2,80
1385.4,80
1385.6,80
1385.8,80
1386.0,81
1386.2,81
1386.4,81
1386.6,81
1386.8,81
1387.0,81
1387.2,81
1387.4,81
1387.6,81
1387.8,81
1388.0,81
1388.2,81
1388.4,81
1388.6,81
1388.8,80
1389.0,80
1389.2,80
1389.4,80
1389.6,80
1389.8,80
1390.0,80
1390.2,80
1390.4,80
1390.6,80
1390.8,80
1391.0,80
1391.2,80
1391.4,80
1391.6,80
1391.8,80
1392.0,80
1392.2,80
1392.4,80
1392.6,80
1392.8,80
1393.0,80
1393.2,80
1393.4,80
1393.6,80
1393.8,80
1394.0,80
1394.2,80
1394.4,80
1394.6,80
1394.8,80
1395.0,81
1395.2,81
1395.4,81
1395.6,81
1395.8,81
1396.0,81
1396.2,81
1396.4,81
1396.6,81
1396.8,81
1397.0,81
1397.2,81
1397.4,81
1397.6,81
1397.8,81
1398.0,81
1398.2,81
1398.4,81
1398.6,81
1398.8,81
1399.0,81
1399.2,81
1399.4,81
1399.6,81
1399.8,81
1400.0,81
1400.2,81
1400.4,81
1400.6,81
1400.8,81
1401.0,81
1401.2,81
1401.4,81
1401.6,81
1401.8,81
1402.0,81
1402.2,81
1402.4,81
1402.6,81
1402.8,81
1403.0,81
1403.2,81
1403.4,81
1403.6,81
1403.8,81
1404.0,81
1404.2,81
1404.4,81
1404.6,81
1404.8,81
1405.0,81
1405.2,81
1405.4,81
1405.6,81
1405.8,81
1406.0,81
1406.2,81
1406.4,81
1406.6,81
1406.8,81
1407.0,81
1407.2,81
1407.4,81
1407.6,81
1407.8,81
1408.0,81
1408.2,81
1408.4,81
1408.6,81
1408.8,81
1409.0,81
1409.2,81
1409.4,81
1409.6,81
1409.8,81
1410.0,81
1410.2,81
1410.4,81
1410.6,81
1410.8,81
1411.0,81
1411.2,81
1411.4,81
1411.6,81
1411.8,81
1412.0,81
1412.2,81
1412.4,81
1412.6,81
1412.8,81
1413.0,81
1413.2,81
1413.4,81
1413.6,81
1413.8,81
1414.0,81
1414.2,81
1414.4,81
1414.6,81
1414.8,81
1415.0,81
1415.2,81
1415.4,81
1415.6,82
1415.8,82
1416.0,82
1416.2,82
1416.4,82
1416.6,82
1416.8,82
1417.0,82
1417.2,82
1417.4,82
1417.6,82
1417.8,83
1418.0,83
1418.2,83
1418.4,83
1418.6,83
1418.8,83
1419.0,83
1419.2,83
1419.4,83
1419.6,83
1419.8,83
1420.0,83
1420.2,83
1420.4,83
1420.6,83
1420.8,83
1421.0,83
1421.2,83
1421.4,83
1421.6,83
1421.8,83
1422.0,83
1422.2,83
1422.4,83
1422.6,83
1422.8,83
1423.0,83
1423.2,83
1423.4,83
1423.6,83
1423.8,83
1424.0,83
1424.2,83
1424.4,83
1424.6,83
1424.8,83
1425.0,84
1425.2,84
1425.4,84
1425.6,84
1425.8,84
1426.0,84
1426.2,84
1426.4,84
1426.6,84
1426.8,84
1427.0,84
1427.2,84
1427.4,84
1427.6,84
1427.8,84
1428.0,84
1428.2,84
1428.4,84
1428.6,84
1428.8,84
1429.0,84
1429.2,84
1429.4,84
1429.6,84
1429.8,84
1430.0,84
1430.2,84
1430.4,84
1430.6,84
1430.8,84
1431.0,84
1431.2,84
1431.4,84
1431.6,84
1431.8,84
1432.0,84
1432.2,84
1432.4,84
1432.6,84
1432.8,84
1433.0,84
1433.2,84
1433.4,84
1433.6,84
1433.8,84
1434.0,84
1434.2,84
1434.4,84
1434.6,84
1434.8,84
1435.0,84
1435.2,84
1435.4,84
1435.6,84
1435.8,84
1436.0,84
1436.2,84
1436.4,84
1436.6,84
1436.8,84
1437.0,84
1437.2,84
1437.4,84
1437.6,84
1437.8,84
1438.0,84
1438.2,84
1438.4,84
1438.6,84
1438.8,84
1439.0,84
1439.2,84
1439.4,84
1439.6,84
1439.8,84
1440.0,84
1440.2,84
1440.4,84
1440.6,84
1440.8,84
1441.0,84
1441.2,84
1441.4,84
1441.6,84
1441.8,84
1442.0,84
1442.2,84
1442.4,84
1442.6,84
1442.8,84
1443.0,84
1443.2,84
1443.4,84
1443.6,84
1443.8,84
1444.0,84
1444.2,84
1444.4,84
1444.6,84
1444.8,84
1445.0,84
1445.2,84
1445.4,84
1445.6,84
1445.8,84
1446.0,84
1446.2,84
1446.4,84
1446.6,84
1446.8,84
1447.0,84
1447.2,84
1447.4,84
1447.6,84
1447.8,84
1448.0,84
1448.2,84
1448.4,84
1448.6,84
1448.8,84
1449.0,84
1449.2,84
1449.4,84
1449.6,84
1449.8,84
1450.0,84
1450.2,84
1450.4,84
1450.6,84
1450.8,84
1451.0,84
1451.2,84
1451.4,84
1451.6,84
1451.8,84
1452.0,84
1452.2,84
1452.4,84
1452.6,84
1452.8,84
1453.0,84
1453.2,84
1453.4,84
1453.6,84
1453.8,84
1454.0,84
1454.2,84
1454.4,84
1454.6,84
1454.8,84
1455.0,84
1455.2,84
1455.4,84
1455.6,84
1455.8,84
1456.0,84
1456.2,84
1456.4,84
1456.6,84
1456.8,84
1457.0,84
1457.2,84
1457.4,84
1457.6,84
1457.8,84
1458.0,84
1458.2,84
1458.4,84
1458.6,84
1458.8,84
1459.0,84
1459.2,84
1459.4,84
1459.6,84
1459.8,84
1460.0,84
1460.2,84
1460.4,84
1460.6,84
1460.8,84
1461.0,84
1461.2,84
1461.4,84
1461.6,84
1461.8,84
1462.0,84
1462.2,84
1462.4,84
1462.6,84
1462.8,84
1463.0,84
1463.2,84
1463.4,84
1463.6,84
1463.8,84
1464.0,84
1464.2,84
1464.4,84
1464.6,84
1464.8,84
1465.0,84
1465.2,84
1465.4,84
1465.6,84
1465.8,84
1466.0,84
1466.2,84
1466.4,84
1466.6,84
1466.8,84
1467.0,84
1467.2,84
1467.4,84
1467.6,84
1467.8,84
1468.0,84
1468.2,84
1468.4,84
1468.6,84
1468.8,84
1469.0,84
1469.2,84
1469.4,84
1469.6,84
1469.8,84
1470.0,84
1470.2,84
1470.4,84
1470.6,84
1470.8,84
1471.0,84
1471.2,84
1471.4,84
1471.6,84
1471.8,84
1472.0,84
1472.2,84
1472.4,84
1472.6,84
1472.8,84
1473.0,84
1473.2,84
1473.4,84
1473.6,84
1473.8,84
1474.0,84
1474.2,84
1474.4,84
1474.6,84
1474.8,84
1475.0,84
1475.2,84
1475.4,84
1475.6,84
1475.8,84
1476.0,84
1476.2,84
1476.4,84
1476.6,84
1476.8,84
1477.0,84
1477.2,84
1477.4,84
1477.6,84
1477.8,84
1478.0,84
1478.2,84
1478.4,84
1478.6,84
1478.8,84
1479.0,84
1479.2,84
1479.4,84
1479.6,84
1479.8,84
1480.0,84
1480.2,84
1480.4,84
1480.6,84
1480.8,84
1481.0,84
1481.2,84
1481.4,84
1481.6,84
1481.8,84
1482.0,84
1482.2,84
1482.4,84
1482.6,84
1482.8,84
1483.0,84
1483.2,84
1483.4,84
1483.6,84
1483.8,84
1484.0,84
1484.2,84
1484.4,84
1484.6,84
1484.8,84
1485.0,84
1485.2,84
1485.4,84
1485.6,84
1485.8,84
1486.0,84
1486.2,84
1486.4,84
1486.6,84
1486.8,84
1487.0,84
1487.2,84
1487.4,84
1487.6,84
1487.8,84
1488.0,84
1488.2,84
1488.4,84
1488.6,84
1488.8,84
1489.0,85
1489.2,85
1489.4,85
1489.6,85
1489.8,85
1490.0,85
1490.2,85
1490.4,85
1490.6,85
1490.8,85
1491.0,85
1491.2,85
1491.4,85
1491.6,85
1491.8,85
1492.0,85
1492.2,85
1492.4,85
1492.6,85
1492.8,85
1493.0,85
1493.2,85
1493.4,85
1493.6,85
1493.8,85
1494.0,85
1494.2,85
1494.4,85
1494.6,85
1494.8,85
1495.0,85
1495.2,85
1495.4,85
1495.6,85
1495.8,85
1496.0,85
1496.2,85
1496.4,85
1496.6,85
1496.8,85
1497.0,85
1497.2,85
1497.4,85
1497.6,85
1497.8,85
1498.0,85
1498.2,85
1498.4,85
1498.6,85
1498.8,85
1499.0,85
1499.2,85
1499.4,85
1499.6,85
1499.8,86
1500.0,86
1500.2,86
1500.4,86
1500.6,86
1500.8,86
1501.0,86
1501.2,86
1501.4,86
1501.6,86
1501.8,86
1502.0,86
1502.2,86
1502.4,86
1502.6,86
1502.8,86
1503.0,86
1503.2,86
1503.4,86
1503.6,86
1503.8,86
1504.0,86
1504.2,86
1504.4,86
1504.6,86
1504.8,86
1505.0,86
1505.2,86
1505.4,86
1505.6,86
1505.8,86
1506.0,87
1506.2,87
1506.4,87
1506.6,87
1506.8,87
1507.0,87
1507.2,87
1507.4,87
1507.6,87
1507.8,87
1508.0,87
1508.2,87
1508.4,87
1508.6,87
1508.8,87
1509.0,87
1509.2,87
1509.4,87
1509.6,87
1509.8,87
1510.0,87
1510.2,87
1510.4,87
1510.6,87
1510.8,87
1511.0,87
1511.2,87
1511.4,87
1511.6,87
1511.8,87
1512.0,87
1512.2,87
1512.4,87
1512.6,87
1512.8,87
1513.0,87
1513.2,87
1513.4,87
1513.6,87
1513.8,87
1514.0,87
1514.2,87
1514.4,87
1514.6,87
1514.8,87
1515.0,87
1515.2,87
1515.4,87
1515.6,87
1515.8,87
1516.0,87
1516.2,87
1516.4,87
1516.6,87
1516.8,87
1517.0,87
1517.2,87
1517.4,87
1517.6,87
1517.8,87
1518.0,87
1518.2,87
1518.4,87
1518.6,87
1518.8,87
1519.0,87
1519.2,87
1519.4,87
1519.6,88
1519.8,88
1520.0,88
1520.2,88
1520.4,88
1520.6,88
1520.8,88
1521.0,88
1521.2,88
1521.4,88
1521.6,88
1521.8,88
1522.0,88
1522.2,88
1522.4,88
1522.6,88
1522.8,87
1523.0,87
1523.2,88
1523.4,88
1523.6,88
1523.8,88
1524.0,88
1524.2,88
1524.4,88
1524.6,88
1524.8,88
1525.0,88
1525.2,88
1525.4,88
1525.6,88
1525.8,88
1526.0,88
1526.2,88
1526.4,88
1526.6,88
1526.8,87
1527.0,87
1527.2,87
1527.4,88
1527.6,88
1527.8,87
1528.0,87
1528.2,87
1528.4,87
1528.6,87
1528.8,87
1529.0,87
1529.2,87
1529.4,87
1529.6,87
1529.8,87
1530.0,87
1530.2,87
1530.4,87
1530.6,87
1530.8,87
1531.0,87
1531.2,87
1531.4,87
1531.6,87
1531.8,87
1532.0,87
1532.2,87
1532.4,87
1532.6,88
1532.8,88
1533.0,88
1533.2,88
1533.4,88
1533.6,88
1533.8,88
1534.0,88
1534.2,87
1534.4,87
1534.6,87
1534.8,87
1535.0,87
1535.2,87
1535.4,87
1535.6,87
1535.8,86
1536.0,86
1536.2,86
1536.4,86
1536.6,86
1536.8,86
1537.0,86
1537.2,86
1537.4,86
1537.6,86
1537.8,86
1538.0,86
1538.2,86
1538.4,86
1538.6,86
1538.8,86
1539.0,86
1539.2,86
1539.4,86
1539.6,86
1539.8,86
1540.0,86
1540.2,86
1540.4,86
1540.6,86
1540.8,86
1541.0,86
1541.2,86
1541.4,86
1541.6,86
1541.8,86
1542.0,87
1542.2,87
1542.4,87
1542.6,87
1542.8,87
1543.0,87
1543.2,87
1543.4,87
1543.6,86
1543.8,86
1544.0,85
1544.2,85
1544.4,85
1544.6,85
1544.8,85
1545.0,85
1545.2,85
1545.4,85
1545.6,85
1545.8,85
1546.0,85
1546.2,85
1546.4,85
1546.6,85
1546.8,85
1547.0,84
1547.2,84
1547.4,85
1547.6,85
1547.8,85
1548.0,85
1548.2,85
1548.4,85
1548.6,85
1548.8,85
1549.0,85
1549.2,85
1549.4,84
1549.6,84
1549.8,84
1550.0,84
1550.2,85
1550.4,85
1550.6,85
1550.8,85
1551.0,85
1551.2,85
1551.4,85
1551.6,85
1551.8,85
1552.0,85
1552.2,85
1552.4,85
1552.6,85
1552.8,85
1553.0,85
1553.2,85
1553.4,85
1553.6,85
1553.8,85
1554.0,85
1554.2,85
1554.4,85
1554.6,85
1554.8,85
1555.0,85
1555.2,85
1555.4,85
1555.6,85
1555.8,85
1556.0,85
1556.2,85
1556.4,85
1556.6,85
1556.8,85
1557.0,85
1557.2,85
1557.4,85
1557.6,85
1557.8,85
1558.0,85
1558.2,85
1558.4,85
1558.6,85
1558.8,85
1559.0,85
1559.2,85
1559.4,85
1559.6,85
1559.8,85
1560.0,85
1560.2,85
1560.4,85
1560.6,85
1560.8,85
1561.0,85
1561.2,85
1561.4,85
1561.6,85
1561.8,85
1562.0,85
1562.2,85
1562.4,85
1562.6,85
1562.8,85
1563.0,85
1563.2,85
1563.4,85
1563.6,85
1563.8,85
1564.0,85
1564.2,85
1564.4,85
1564.6,85
1564.8,85
1565.0,85
1565.2,85
1565.4,85
1565.6,84
1565.8,84
1566.0,85
1566.2,85
1566.4,85
1566.6,85
1566.8,85
1567.0,85
1567.2,85
1567.4,85
1567.6,85
1567.8,85
1568.0,85
1568.2,85
1568.4,85
1568.6,85
1568.8,84
1569.0,84
1569.2,84
1569.4,85
1569.6,85
1569.8,84
1570.0,84
1570.2,84
1570.4,84
1570.6,84
1570.8,84
1571.0,84
1571.2,84
1571.4,84
1571.6,84
1571.8,84
1572.0,84
1572.2,84
1572.4,84
1572.6,84
1572.8,84
1573.0,84
1573.2,83
1573.4,83
1573.6,83
1573.8,83
1574.0,83
1574.2,82
1574.4,82
1574.6,82
1574.8,81
1575.0,81
1575.2,81
1575.4,81
1575.6,81
1575.8,81
1576.0,81
1576.2,81
1576.4,81
1576.6,81
1576.8,81
1577.0,81
1577.2,81
1577.4,81
1577.6,81
1577.8,81
1578.0,81
1578.2,81
1578.4,81
1578.6,81
1578.8,80
1579.0,80
1579.2,80
1579.4,80
1579.6,80
1579.8,80
1580.0,80
1580.2,80
1580.4,80
1580.6,80
1580.8,80
1581.0,80
1581.2,80
1581.4,79
1581.6,79
1581.8,79
1582.0,79
1582.2,79
1582.4,79
1582.6,79
1582.8,79
1583.0,79
1583.2,79
1583.4,79
1583.6,79
1583.8,79
1584.0,79
1584.2,79
1584.4,79
1584.6,79
1584.8,79
1585.0,79
1585.2,79
1585.4,79
1585.6,79
1585.8,79
1586.0,79
1586.2,79
1586.4,79
1586.6,79
1586.8,79
1587.0,79
1587.2,79
1587.4,79
1587.6,79
1587.8,79
1588.0,78
1588.2,78
1588.4,78
1588.6,78
1588.8,78
1589.0,78
1589.2,78
1589.4,78
1589.6,78
1589.8,78
1590.0,78
1590.2,78
1590.4,78
1590.6,78
1590.8,78
1591.0,78
1591.2,78
1591.4,78
1591.6,78
1591.8,78
1592.0,78
1592.2,78
1592.4,78
1592.6,78
1592.8,78
1593.0,78
1593.2,78
1593.4,78
1593.6,78
1593.8,78
1594.0,78
1594.2,78
1594.4,78
1594.6,78
1594.8,78
1595.0,77
1595.2,77
1595.4,77
1595.6,77
1595.8,77
1596.0,77
1596.2,77
1596.4,77
1596.6,77
1596.8,77
1597.0,77
1597.2,77
1597.4,77
1597.6,77
1597.8,77
1598.0,77
1598.2,77
1598.4,77
1598.6,77
1598.8,77
1599.0,77
1599.2,77
1599.4,78
1599.6,78
1599.8,78
1600.0,78
1600.2,78
1600.4,78
1600.6,78
1600.8,78
1601.0,78
1601.2,78
1601.4,78
1601.6,78
1601.8,78
1602.0,78
1602.2,78
1602.4,78
1602.6,78
1602.8,78
1603.0,78
1603.2,78
1603.4,78
1603.6,78
1603.8,78
1604.0,78
1604.2,78
1604.4,78
1604.6,78
1604.8,78
1605.0,78
1605.2,78
1605.4,78
1605.6,78
1605.8,78
1606.0,78
1606.2,78
1606.4,78
1606.6,78
1606.8,78
1607.0,78
1607.2,78
1607.4,77
1607.6,78
1607.8,78
1608.0,78
1608.2,78
1608.4,78
1608.6,79
1608.8,79
1609.0,79
1609.2,79
1609.4,79
1609.6,79
1609.8,79
1610.0,79
1610.2,79
1610.4,79
1610.6,79
1610.8,79
1611.0,79
1611.2,79
1611.4,79
1611.6,79
1611.8,79
1612.0,79
1612.2,79
1612.4,79
1612.6,79
1612.8,79
1613.0,79
1613.2,79
1613.4,79
1613.6,79
1613.8,79
1614.0,79
1614.2,79
1614.4,79
1614.6,79
1614.8,79
1615.0,79
1615.2,79
1615.4,79
1615.6,79
1615.8,79
1616.0,79
1616.2,79
1616.4,79
1616.6,79
1616.8,79
1617.0,79
1617.2,79
1617.4,79
1617.6,79
1617.8,80
1618.0,80
1618.2,80
1618.4,80
1618.6,80
1618.8,80
1619.0,80
1619.2,80
1619.4,80
1619.6,80
1619.8,80
1620.0,80
1620.2,80
1620.4,80
1620.6,80
1620.8,80
1621.0,80
1621.2,81
1621.4,81
1621.6,81
1621.8,81
1622.0,81
1622.2,81
1622.4,81
1622.6,81
1622.8,81
1623.0,81
1623.2,81
1623.4,81
1623.6,81
1623.8,81
1624.0,81
1624.2,81
1624.4,80
1624.6,80
1624.8,80
1625.0,80
1625.2,80
1625.4,80
1625.6,80
1625.8,80
1626.0,80
1626.2,80
1626.4,80
1626.6,79
1626.8,79
1627.0,79
1627.2,79
1627.4,79
1627.6,79
1627.8,79
1628.0,79
1628.2,79
1628.4,79
1628.6,79
1628.8,79
1629.0,79
1629.2,79
1629.4,79
1629.6,79
1629.8,79
1630.0,79
1630.2,79
1630.4,79
1630.6,79
1630.8,79
1631.0,79
1631.2,79
1631.4,79
1631.6,78
1631.8,78
1632.0,78
1632.2,78
1632.4,78
1632.6,78
1632.8,78
1633.0,78
1633.2,78
1633.4,78
1633.6,78
1633.8,78
1634.0,78
1634.2,78
1634.4,78
1634.6,78
1634.8,79
1635.0,79
1635.2,79
1635.4,79
1635.6,79
1635.8,79
1636.0,79
1636.2,79
1636.4,79
1636.6,79
1636.8,79
1637.0,79
1637.2,79
1637.4,79
1637.6,79
1637.8,79
1638.0,79
1638.2,79
1638.4,79
1638.6,79
1638.8,79
1639.0,79
1639.2,79
1639.4,79
1639.6,79
1639.8,79
1640.0,79
1640.2,79
1640.4,79
1640.6,79
1640.8,79
1641.0,80
1641.2,80
1641.4,80
1641.6,80
1641.8,80
1642.0,80
1642.2,80
1642.4,80
1642.6,80
1642.8,80
1643.0,80
1643.2,80
1643.4,80
1643.6,80
1643.8,80
1644.0,80
1644.2,80
1644.4,80
1644.6,80
1644.8,80
1645.0,80
1645.2,80
1645.4,80
1645.6,80
1645.8,80
1646.0,80
1646.2,80
1646.4,80
1646.6,80
1646.8,80
1647.0,80
1647.2,80
1647.4,80
1647.6,80
1647.8,80
1648.0,80
1648.2,80
1648.4,80
1648.6,80
1648.8,80
1649.0,80
1649.2,80
1649.4,80
1649.6,80
1649.8,80
1650.0,80
1650.2,80
1650.4,80
1650.6,80
1650.8,80
1651.0,80
1651.2,80
1651.4,80
1651.6,80
1651.8,80
1652.0,80
1652.2,80
1652.4,80
1652.6,80
1652.8,80
1653.0,80
1653.2,80
1653.4,80
1653.6,80
1653.8,80
1654.0,80
1654.2,80
1654.4,80
1654.6,80
1654.8,80
1655.0,80
1655.2,80
1655.4,80
1655.6,80
1655.8,80
1656.0,80
1656.2,80
1656.4,80
1656.6,80
1656.8,80
1657.0,80
1657.2,80
1657.4,80
1657.6,80
1657.8,80
1658.0,80
1658.2,80
1658.4,80
1658.6,80
1658.8,80
1659.0,80
1659.2,79
1659.4,79
1659.6,79
1659.8,79
1660.0,79
1660.2,79
1660.4,79
1660.6,79
1660.8,79
1661.0,79
1661.2,79
1661.4,79
1661.6,79
1661.8,79
1662.0,79
1662.2,78
1662.4,78
1662.6,78
1662.8,78
1663.0,78
1663.2,78
1663.4,78
1663.6,78
1663.8,78
1664.0,78
1664.2,78
1664.4,78
1664.6,78
1664.8,78
1665.0,78
1665.2,78
1665.4,78
1665.6,78
1665.8,78
1666.0,78
1666.2,78
1666.4,78
1666.6,78
1666.8,78
1667.0,78
1667.2,78
1667.4,78
1667.6,78
1667.8,78
1668.0,78
1668.2,78
1668.4,78
1668.6,78
1668.8,78
1669.0,78
1669.2,78
1669.4,78
1669.6,78
1669.8,78
1670.0,78
1670.2,78
1670.4,78
1670.6,78
1670.8,78
1671.0,78
1671.2,78
1671.4,78
1671.6,78
1671.8,78
1672.0,78
1672.2,78
1672.4,78
1672.6,78
1672.8,78
1673.0,78
1673.2,78
1673.4,78
1673.6,78
1673.8,78
1674.0,78
1674.2,78
1674.4,78
1674.6,78
1674.8,78
1675.0,78
1675.2,78
1675.4,78
1675.6,78
1675.8,78
1676.0,78
1676.2,78
1676.4,78
1676.6,78
1676.8,78
1677.0,78
1677.2,78
1677.4,78
1677.6,78
1677.8,78
1678.0,78
1678.2,78
1678.4,78
1678.6,78
1678.8,78
1679.0,78
1679.2,78
1679.4,78
1679.6,78
1679.8,78
1680.0,78
1680.2,79
1680.4,79
1680.6,79
1680.8,79
1681.0,79
1681.2,79
1681.4,79
1681.6,79
1681.8,79
1682.0,79
1682.2,79
1682.4,79
1682.6,79
1682.8,79
1683.0,79
1683.2,79
1683.4,79
1683.6,79
1683.8,79
1684.0,79
1684.2,79
1684.4,79
1684.6,79
1684.8,79
1685.0,79
1685.2,79
1685.4,79
1685.6,79
1685.8,79
1686.0,79
1686.2,79
1686.4,79
1686.6,79
1686.8,79
1687.0,79
1687.2,79
1687.4,79
1687.6,79
1687.8,79
1688.0,79
1688.2,79
1688.4,79
1688.6,79
1688.8,79
1689.0,79
1689.2,79
1689.4,79
1689.6,79
1689.8,79
1690.0,79
1690.2,79
1690.4,79
1690.6,79
1690.8,79
1691.0,79
1691.2,79
1691.4,79
1691.6,79
1691.8,79
1692.0,79
1692.2,79
1692.4,79
1692.6,79
1692.8,79
1693.0,79
1693.2,79
1693.4,79
1693.6,79
1693.8,79
1694.0,79
1694.2,79
1694.4,79
1694.6,79
1694.8,79
1695.0,79
1695.2,79
1695.4,79
1695.6,79
1695.8,79
1696.0,79
1696.2,79
1696.4,79
1696.6,79
1696.8,79
1697.0,79
1697.2,79
1697.4,79
1697.6,15
